"File","ChannelID","DisplayName","ProgrammeCount","Excluded"
"open-epg-au.xml","10 / ATV.au","1","83","False"
"open-epg-au.xml","10 Comedy / M1S.au","1","108","False"
"open-epg-au.xml","10 Comedy.au","1","126","False"
"open-epg-au.xml","10 Drama / OHM.au","1","73","False"
"open-epg-au.xml","10 Drama.au","1","89","False"
"open-epg-au.xml","10 HD / AVH.au","1","83","True"
"open-epg-au.xml","10.au","1","0","False"
"open-epg-au.xml","11.au","1","0","False"
"open-epg-au.xml","2010s V23.au","2","9","True"
"open-epg-au.xml","60s Hits V10.au","6","9","True"
"open-epg-au.xml","7.au","7","0","False"
"open-epg-au.xml","7Bravo / 7BVV.au","7","56","False"
"open-epg-au.xml","7Bravo.au","7","66","False"
"open-epg-au.xml","7bravo.au","7","66","False"
"open-epg-au.xml","7flix / FLV.au","7","70","False"
"open-epg-au.xml","7flix.au","7","83","False"
"open-epg-au.xml","7flix.au","7","83","False"
"open-epg-au.xml","7HD / DSM.au","7","45","True"
"open-epg-au.xml","7HD.au","7","0","True"
"open-epg-au.xml","7mate HD / MFNANZ.au","7","63","True"
"open-epg-au.xml","7mate.au","7","77","True"
"open-epg-au.xml","7MATE.au","7","77","True"
"open-epg-au.xml","7TWO / 7TWO.au","7","67","False"
"open-epg-au.xml","7TWO.au","7","83","False"
"open-epg-au.xml","7TWO.au","7","83","False"
"open-epg-au.xml","9.au","9","0","False"
"open-epg-au.xml","90s Soft Pop / V20.au","9","10","True"
"open-epg-au.xml","90s Soft Pop V20.au","9","9","True"
"open-epg-au.xml","9Gem / HNM.au","9","64","False"
"open-epg-au.xml","9Gem HD / 9Gem HD.au","9","0","True"
"open-epg-au.xml","9Go! / GOV.au","9","79","False"
"open-epg-au.xml","9HD / HM9.au","9","54","True"
"open-epg-au.xml","9HD.au","9","0","True"
"open-epg-au.xml","9Life / LM9.au","9","70","False"
"open-epg-au.xml","9Life.au","9","81","True"
"open-epg-au.xml","9Life.au","9","81","True"
"open-epg-au.xml","9Rush / 9Rush.au","9","68","False"
"open-epg-au.xml","9Rush.au","9","0","False"
"open-epg-au.xml","ABC Entertains / ABC3 Vic.au","A","74","True"
"open-epg-au.xml","ABC Entertains.au","A","137","False"
"open-epg-au.xml","ABC Kids / ABC Family.au","A","280","True"
"open-epg-au.xml","ABC Kids/ABC Family / ABC Kids/ABC TV Plus.au","A","43","True"
"open-epg-au.xml","ABC NEWS / MHA.au","A","66","True"
"open-epg-au.xml","ABC NEWS.au","A","96","True"
"open-epg-au.xml","ABC TV / ABC TV.au","A","62","False"
"open-epg-au.xml","ABC TV ABC TV.au","A","60","False"
"open-epg-au.xml","ABC TV HD / ABC TV.au","A","62","True"
"open-epg-au.xml","ABC TV HD.au","A","67","True"
"open-epg-au.xml","ABC TV.au","A","67","False"
"open-epg-au.xml","ABC1.au","A","13","True"
"open-epg-au.xml","ABC2.au","A","15","True"
"open-epg-au.xml","ABC3.au","A","22","True"
"open-epg-au.xml","ABC4KIDS.au","A","55","True"
"open-epg-au.xml","ABCHD.au","A","13","True"
"open-epg-au.xml","ABCN.au","A","38","True"
"open-epg-au.xml","Action / SHA.au","A","0","False"
"open-epg-au.xml","Action HD / STN.au","A","28","True"
"open-epg-au.xml","Action HD STN.au","A","27","True"
"open-epg-au.xml","Action SHA.au","A","0","False"
"open-epg-au.xml","Action+2 / MTA.au","A","28","False"
"open-epg-au.xml","Action+2 MTA.au","A","27","False"
"open-epg-au.xml","Al Jazeera English / AJI.au","A","96","True"
"open-epg-au.xml","Al Jazeera English AJI.au","A","94","True"
"open-epg-au.xml","Almost Acoustic Pop V06.au","A","9","True"
"open-epg-au.xml","Almost Acoustic V13.au","A","9","True"
"open-epg-au.xml","Animal Planet / ANI.au","A","60","False"
"open-epg-au.xml","Animal Planet ANI.au","A","59","False"
"open-epg-au.xml","ARENA / ARN.au","A","69","True"
"open-epg-au.xml","ARENA +2 / ARN2.au","A","67","True"
"open-epg-au.xml","ARENA +2 ARN2.au","A","66","True"
"open-epg-au.xml","ARENA ARN.au","A","66","True"
"open-epg-au.xml","ARENA HD / ARD.au","A","0","True"
"open-epg-au.xml","ARENA HD ARD.au","A","0","True"
"open-epg-au.xml","AURORA / AUR.au","A","97","True"
"open-epg-au.xml","AURORA AUR.au","A","94","True"
"open-epg-au.xml","Aussie Classics ACS.au","A","44","True"
"open-epg-au.xml","Aussie Classics HD ACH.au","A","44","True"
"open-epg-au.xml","Australian Played NAP.au","A","12","True"
"open-epg-au.xml","Blender Beats V11.au","B","9","True"
"open-epg-au.xml","Bloomberg / BLA.au","B","60","True"
"open-epg-au.xml","Bloomberg BLA.au","B","59","True"
"open-epg-au.xml","Boxsets / BXS.au","B","0","True"
"open-epg-au.xml","Boxsets BXS.au","B","0","True"
"open-epg-au.xml","Boxsets HD / BXD.au","B","65","True"
"open-epg-au.xml","Boxsets HD BXD.au","B","63","True"
"open-epg-au.xml","British / FSU.au","B","0","False"
"open-epg-au.xml","British + 2 / FS2.au","B","45","False"
"open-epg-au.xml","British + 2 FS2.au","B","44","False"
"open-epg-au.xml","British Cinema / BCS.au","B","32","False"
"open-epg-au.xml","British Cinema BCS.au","B","31","False"
"open-epg-au.xml","British Cinema HD BCH.au","B","31","True"
"open-epg-au.xml","British FSU.au","B","0","False"
"open-epg-au.xml","British HD / FSL.au","B","45","True"
"open-epg-au.xml","British HD FSL.au","B","43","True"
"open-epg-au.xml","CGTN / CCTV.au","C","97","True"
"open-epg-au.xml","CGTN CCTV.au","C","93","True"
"open-epg-au.xml","CGTN-Documentary / CCD.au","C","74","False"
"open-epg-au.xml","CGTN-Documentary CCD.au","C","71","False"
"open-epg-au.xml","Channel 31 / C31.au","C","86","False"
"open-epg-au.xml","Chill Pop Hits V17.au","C","9","True"
"open-epg-au.xml","Classics / FKC.au","C","73","True"
"open-epg-au.xml","Classics +2 / FKC2.au","C","73","True"
"open-epg-au.xml","Classics +2 FKC2.au","C","70","True"
"open-epg-au.xml","Classics FKC.au","C","70","True"
"open-epg-au.xml","Club VH1.au","C","16","True"
"open-epg-au.xml","CMC CMT.au","C","16","False"
"open-epg-au.xml","CNBC / CNBC.au","C","95","False"
"open-epg-au.xml","CNBC CNBC.au","C","92","False"
"open-epg-au.xml","CNN / CNN.au","C","74","False"
"open-epg-au.xml","CNN CNN.au","C","72","False"
"open-epg-au.xml","Comedy / HIT.au","C","118","False"
"open-epg-au.xml","Comedy / SHY.au","C","0","False"
"open-epg-au.xml","Comedy +2 / HI2.au","C","118","False"
"open-epg-au.xml","Comedy +2 HI2.au","C","115","False"
"open-epg-au.xml","Comedy HD / HID.au","C","0","True"
"open-epg-au.xml","Comedy HD / MO1.au","C","33","True"
"open-epg-au.xml","Comedy HD HID.au","C","0","True"
"open-epg-au.xml","Comedy HD MO1.au","C","32","True"
"open-epg-au.xml","Comedy HIT.au","C","115","False"
"open-epg-au.xml","Comedy SHY.au","C","0","False"
"open-epg-au.xml","Country Classics V25.au","C","9","True"
"open-epg-au.xml","Crime / IOI.au","C","59","False"
"open-epg-au.xml","Crime +2 / IOI2.au","C","59","False"
"open-epg-au.xml","Crime +2 IOI2.au","C","58","False"
"open-epg-au.xml","Crime HD / FCH.au","C","0","True"
"open-epg-au.xml","Crime HD FCH.au","C","0","True"
"open-epg-au.xml","Crime IOI.au","C","58","False"
"open-epg-au.xml","Dance Hits V22.au","D","9","True"
"open-epg-au.xml","Daystar / DAS.au","D","106","False"
"open-epg-au.xml","Daystar DAS.au","D","103","False"
"open-epg-au.xml","Deep Calm V15.au","D","9","True"
"open-epg-au.xml","Discovery Channel / DIS.au","D","52","False"
"open-epg-au.xml","Discovery Channel +2 / DS2.au","D","53","False"
"open-epg-au.xml","Discovery Channel +2 DS2.au","D","52","False"
"open-epg-au.xml","Discovery Channel DIS.au","D","52","False"
"open-epg-au.xml","Discovery HD / DHD.au","D","0","True"
"open-epg-au.xml","Discovery HD DHD.au","D","0","True"
"open-epg-au.xml","Discovery Turbo / DIT.au","D","70","False"
"open-epg-au.xml","Discovery Turbo +2 / DI2.au","D","70","False"
"open-epg-au.xml","Discovery Turbo +2 DI2.au","D","69","False"
"open-epg-au.xml","Discovery Turbo DIT.au","D","68","False"
"open-epg-au.xml","Docplay / DPS.au","D","0","False"
"open-epg-au.xml","Docplay DPS.au","D","0","False"
"open-epg-au.xml","Docplay HD / DPH.au","D","30","True"
"open-epg-au.xml","Docplay HD DPH.au","D","30","True"
"open-epg-au.xml","Drama / MO6.au","D","0","False"
"open-epg-au.xml","Drama HD / MO5.au","D","29","True"
"open-epg-au.xml","Drama HD MO5.au","D","28","True"
"open-epg-au.xml","Drama MO6.au","D","0","False"
"open-epg-au.xml","DreamWorks / DRM.au","D","123","False"
"open-epg-au.xml","DreamWorks DRM.au","D","120","False"
"open-epg-au.xml","Easy Hits V14.au","E","9","True"
"open-epg-au.xml","ESPN / ESP.au","E","42","True"
"open-epg-au.xml","ESPN ESP.au","E","39","True"
"open-epg-au.xml","ESPN HD / ESPN HD.au","E","0","True"
"open-epg-au.xml","ESPN HD ESPN HD.au","E","0","True"
"open-epg-au.xml","ESPN2 / ESPN2.au","E","0","True"
"open-epg-au.xml","ESPN2 ESPN2.au","E","0","True"
"open-epg-au.xml","ESPN2HD / ESPN.au","E","41","True"
"open-epg-au.xml","ESPN2HD ESPN.au","E","38","True"
"open-epg-au.xml","EXPO / EXPO.au","E","87","True"
"open-epg-au.xml","EXPO EXPO.au","E","85","True"
"open-epg-au.xml","Extra / Extra.au","E","113","False"
"open-epg-au.xml","Family / Family.au","F","33","True"
"open-epg-au.xml","Family +2 / MTF.au","F","34","True"
"open-epg-au.xml","Family +2 MTF.au","F","33","True"
"open-epg-au.xml","Family Family.au","F","32","True"
"open-epg-au.xml","Family HD / MO7.au","F","0","True"
"open-epg-au.xml","Family HD MO7.au","F","0","True"
"open-epg-au.xml","Famous / SAR.au","F","0","True"
"open-epg-au.xml","Famous HD / HAR.au","F","119","True"
"open-epg-au.xml","Famous HD HAR.au","F","116","True"
"open-epg-au.xml","Famous SAR.au","F","0","True"
"open-epg-au.xml","Fashion TV FHT.au","F","0","False"
"open-epg-au.xml","FOX Cricket / FS1.au","F","0","True"
"open-epg-au.xml","FOX Cricket FS1.au","F","0","True"
"open-epg-au.xml","FOX Cricket HD / F1D.au","F","63","True"
"open-epg-au.xml","FOX Cricket HD F1D.au","F","61","True"
"open-epg-au.xml","FOX FOOTY / FAF.au","F","0","True"
"open-epg-au.xml","FOX FOOTY FAF.au","F","0","True"
"open-epg-au.xml","FOX FOOTY HD / FOX FOOTY HD.au","F","45","True"
"open-epg-au.xml","FOX FOOTY HD FOX FOOTY HD.au","F","44","True"
"open-epg-au.xml","FOX League / SP2.au","F","0","True"
"open-epg-au.xml","FOX League HD / F2D.au","F","76","True"
"open-epg-au.xml","FOX League HD F2D.au","F","74","True"
"open-epg-au.xml","FOX League SP2.au","F","0","True"
"open-epg-au.xml","FOX NEWS / NEWS.au","F","57","True"
"open-epg-au.xml","Fox News HD / FNH.au","F","0","True"
"open-epg-au.xml","Fox News HD FNH.au","F","0","True"
"open-epg-au.xml","FOX NEWS NEWS.au","F","55","True"
"open-epg-au.xml","FOX One.au","F","0","True"
"open-epg-au.xml","FOX Showcase.au","F","67","False"
"open-epg-au.xml","FOX SPORTS 503 / FS3.au","F","0","True"
"open-epg-au.xml","FOX SPORTS 503 FS3.au","F","0","True"
"open-epg-au.xml","FOX SPORTS 503 HD / F3D.au","F","40","True"
"open-epg-au.xml","FOX SPORTS 503 HD F3D.au","F","39","True"
"open-epg-au.xml","FOX SPORTS 505 / FSP.au","F","63","True"
"open-epg-au.xml","FOX SPORTS 505 FSP.au","F","61","True"
"open-epg-au.xml","FOX SPORTS 505 HD / F4D.au","F","0","True"
"open-epg-au.xml","FOX SPORTS 505 HD F4D.au","F","0","True"
"open-epg-au.xml","FOX SPORTS 506 / SPEED.au","F","0","True"
"open-epg-au.xml","FOX SPORTS 506 HD / SPE.au","F","53","True"
"open-epg-au.xml","FOX SPORTS 506 HD SPE.au","F","52","True"
"open-epg-au.xml","FOX SPORTS 506 SPEED.au","F","0","True"
"open-epg-au.xml","FOX SPORTS MORE / FSS.au","F","0","True"
"open-epg-au.xml","FOX SPORTS MORE FSS.au","F","0","True"
"open-epg-au.xml","FOX SPORTS MORE HD / FSM.au","F","37","True"
"open-epg-au.xml","FOX SPORTS MORE HD FSM.au","F","36","True"
"open-epg-au.xml","FOX SPORTS News / FSN.au","F","112","True"
"open-epg-au.xml","FOX SPORTS News FSN.au","F","109","True"
"open-epg-au.xml","FOX SPORTS News HD / FSD.au","F","0","True"
"open-epg-au.xml","FOX SPORTS News HD FSD.au","F","0","True"
"open-epg-au.xml","Fox Sports UHD 1 / K01.au","F","14","True"
"open-epg-au.xml","Fox Sports UHD 1 K01.au","F","14","True"
"open-epg-au.xml","FOX8 / FOX.au","F","0","True"
"open-epg-au.xml","FOX8 +2 / FOX82.au","F","78","False"
"open-epg-au.xml","FOX8 +2 FOX82.au","F","76","False"
"open-epg-au.xml","FOX8 FOX.au","F","0","True"
"open-epg-au.xml","FOX8 HD / FOX.au","F","78","True"
"open-epg-au.xml","FOX8 HD FOX.au","F","77","True"
"open-epg-au.xml","Foxtel Movies Action HD.au","F","0","True"
"open-epg-au.xml","Foxtel Movies Action.au","F","34","False"
"open-epg-au.xml","Foxtel Movies Comedy HD.au","F","0","True"
"open-epg-au.xml","Foxtel Movies Drama HD.au","F","0","True"
"open-epg-au.xml","Foxtel Movies Drama.au","F","33","False"
"open-epg-au.xml","Foxtel Movies Family.au","F","0","True"
"open-epg-au.xml","Foxtel Movies Greats HD.au","F","0","True"
"open-epg-au.xml","Foxtel Movies Greats.au","F","33","False"
"open-epg-au.xml","Foxtel Movies Hits / MVS.au","F","0","True"
"open-epg-au.xml","Foxtel Movies Hits HD / MVD.au","F","35","True"
"open-epg-au.xml","Foxtel Movies Hits HD MVD.au","F","34","True"
"open-epg-au.xml","Foxtel Movies Hits MVS.au","F","0","True"
"open-epg-au.xml","Foxtel Movies Premiere HD.au","F","0","True"
"open-epg-au.xml","Foxtel Movies Romance HD.au","F","0","True"
"open-epg-au.xml","Foxtel Movies Romance.au","F","35","False"
"open-epg-au.xml","Foxtel Movies Ultra HD / K02.au","F","28","True"
"open-epg-au.xml","Foxtel Movies Ultra HD K02.au","F","27","True"
"open-epg-au.xml","Foxtel Movies Ultra HD.au","F","32","True"
"open-epg-au.xml","FOXTEL One / F1S.au","F","0","True"
"open-epg-au.xml","FOXTEL One +2 / F12.au","F","61","False"
"open-epg-au.xml","FOXTEL One +2 F12.au","F","60","False"
"open-epg-au.xml","FOXTEL One F1S.au","F","0","True"
"open-epg-au.xml","FOXTEL One HD / F1H.au","F","61","True"
"open-epg-au.xml","FOXTEL One HD F1H.au","F","60","True"
"open-epg-au.xml","FOXTEL One HD.au","F","0","True"
"open-epg-au.xml","GB News GBN.au","G","28","True"
"open-epg-au.xml","gecko / SpreeTV.au","g","106","True"
"open-epg-au.xml","GEM.au","G","75","True"
"open-epg-au.xml","GEM.au","G","75","True"
"open-epg-au.xml","GO.au","G","88","True"
"open-epg-au.xml","GO.au","G","88","True"
"open-epg-au.xml","Good Vibes V01.au","G","9","True"
"open-epg-au.xml","GOOD. / ACC.au","G","76","True"
"open-epg-au.xml","GOOD. ACC.au","G","73","True"
"open-epg-au.xml","Haunt TV / HTV.au","H","78","False"
"open-epg-au.xml","Haunt TV HTV.au","H","76","False"
"open-epg-au.xml","Indie and Alt V09.au","I","9","True"
"open-epg-au.xml","Investigation Discovery / DID.au","I","61","False"
"open-epg-au.xml","Investigation Discovery DID.au","I","60","False"
"open-epg-au.xml","Kids NMU.au","K","11","True"
"open-epg-au.xml","LifeStyle Channel / LST.au","L","58","False"
"open-epg-au.xml","LifeStyle Channel +2 / LST2.au","L","58","False"
"open-epg-au.xml","LifeStyle Channel +2 LST2.au","L","57","False"
"open-epg-au.xml","LifeStyle Channel LST.au","L","57","False"
"open-epg-au.xml","LifeStyle FOOD / FOO.au","L","64","False"
"open-epg-au.xml","LifeStyle FOOD +2 / LF2.au","L","65","False"
"open-epg-au.xml","LifeStyle FOOD +2 LF2.au","L","63","False"
"open-epg-au.xml","LifeStyle FOOD FOO.au","L","63","False"
"open-epg-au.xml","Lifestyle Food HD / LFH.au","L","0","True"
"open-epg-au.xml","Lifestyle Food HD LFH.au","L","0","True"
"open-epg-au.xml","LifeStyle HD / LifeStyle HD.au","L","0","True"
"open-epg-au.xml","LifeStyle HD LifeStyle HD.au","L","0","True"
"open-epg-au.xml","LifeStyle HOME / LifeStyle HOME.au","L","73","False"
"open-epg-au.xml","Lifestyle Home HD / LHH.au","L","0","True"
"open-epg-au.xml","Lifestyle Home HD LHH.au","L","0","True"
"open-epg-au.xml","LifeStyle HOME LifeStyle HOME.au","L","72","False"
"open-epg-au.xml","Love Pets / LPF.au","L","86","False"
"open-epg-au.xml","Love Pets LPF.au","L","84","False"
"open-epg-au.xml","Max NRW.au","M","11","False"
"open-epg-au.xml","More Pop Up Hits HD TRH.au","M","13","True"
"open-epg-au.xml","More Pop Up Hits TRS.au","M","0","True"
"open-epg-au.xml","Movies Family.au","M","0","True"
"open-epg-au.xml","Movies Greats / GRR.au","M","0","False"
"open-epg-au.xml","Movies Greats GRR.au","M","0","False"
"open-epg-au.xml","Movies Greats HD / GRE.au","M","29","True"
"open-epg-au.xml","Movies Greats HD GRE.au","M","28","True"
"open-epg-au.xml","Movies Life HD / LMH.au","M","10","True"
"open-epg-au.xml","Movies Life HD LMH.au","M","9","True"
"open-epg-au.xml","MTV / MTV.au","M","0","False"
"open-epg-au.xml","MTV MTV.au","M","0","False"
"open-epg-au.xml","NHK / NHK.au","N","85","False"
"open-epg-au.xml","NHK NHK.au","N","82","False"
"open-epg-au.xml","Nick Jr / NJR.au","N","90","True"
"open-epg-au.xml","Nick Jr NJR.au","N","86","True"
"open-epg-au.xml","Nickelodeon / 10 SHAKE.au","N","116","True"
"open-epg-au.xml","Nickelodeon.au","N","144","True"
"open-epg-au.xml","Nine / GTV.au","N","54","False"
"open-epg-au.xml","NITV / NVI.au","N","71","False"
"open-epg-au.xml","NITV HD / NH5.au","N","71","True"
"open-epg-au.xml","NITV.au","N","105","True"
"open-epg-au.xml","NITV.au","N","105","True"
"open-epg-au.xml","Oldskool 90s Hits V18.au","O","9","True"
"open-epg-au.xml","ONE.au","O","0","True"
"open-epg-au.xml","Outdoor Channel / TDR.au","O","94","False"
"open-epg-au.xml","Outdoor Channel TDR.au","O","91","False"
"open-epg-au.xml","Premiere / SHO.au","P","0","True"
"open-epg-au.xml","Premiere +2 / SHO2.au","P","29","False"
"open-epg-au.xml","Premiere +2 SHO2.au","P","28","False"
"open-epg-au.xml","Premiere HD / SOD.au","P","29","True"
"open-epg-au.xml","Premiere HD SOD.au","P","28","True"
"open-epg-au.xml","Premiere SHO.au","P","0","True"
"open-epg-au.xml","Premiere.au","P","34","False"
"open-epg-au.xml","Prime South.au","P","49","False"
"open-epg-au.xml","RACING.COM / RACING.COM.au","R","78","True"
"open-epg-au.xml","Real Crime / CIN.au","R","63","False"
"open-epg-au.xml","Real Crime CIN.au","R","61","False"
"open-epg-au.xml","Real Crime HD / CID.au","R","0","True"
"open-epg-au.xml","Real Crime HD CID.au","R","0","True"
"open-epg-au.xml","Real History HD / HST.au","R","54","True"
"open-epg-au.xml","Real History HD HST.au","R","53","True"
"open-epg-au.xml","Real History SD / HSD.au","R","0","True"
"open-epg-au.xml","Real History SD HSD.au","R","0","True"
"open-epg-au.xml","REAL.LIFE +2 / RL2.au","R","100","False"
"open-epg-au.xml","REAL.LIFE +2 RL2.au","R","97","False"
"open-epg-au.xml","REAL.LIFE HD / RLH.au","R","101","True"
"open-epg-au.xml","REAL.LIFE HD RLH.au","R","98","True"
"open-epg-au.xml","REAL.LIFE SD / RLS.au","R","0","True"
"open-epg-au.xml","REAL.LIFE SD RLS.au","R","0","True"
"open-epg-au.xml","Retro MTC.au","R","14","True"
"open-epg-au.xml","RnB Chill V16.au","R","9","True"
"open-epg-au.xml","RnB Fridays Radio V21.au","R","9","True"
"open-epg-au.xml","RockNRoadtrip V07.au","R","9","True"
"open-epg-au.xml","Romance / SHD.au","R","0","True"
"open-epg-au.xml","Romance HD / MO2.au","R","29","True"
"open-epg-au.xml","Romance HD MO2.au","R","28","True"
"open-epg-au.xml","Romance SHD.au","R","0","True"
"open-epg-au.xml","RTV.au","R","0","True"
"open-epg-au.xml","SBS / SBV.au","S","63","True"
"open-epg-au.xml","SBS Food / SFV.au","S","88","True"
"open-epg-au.xml","SBS Food.au","S","113","True"
"open-epg-au.xml","SBS HD / BSM.au","S","63","True"
"open-epg-au.xml","SBS HD.au","S","93","True"
"open-epg-au.xml","SBS One.au","S","93","True"
"open-epg-au.xml","SBS VICELAND HD / SBS VICELAND HD Vic.au","S","77","True"
"open-epg-au.xml","SBS World Movies / SBS.au","S","31","True"
"open-epg-au.xml","SBS World Movies.au","S","37","True"
"open-epg-au.xml","SBS World Watch / SBSWWV.au","S","90","True"
"open-epg-au.xml","SBS WorldWatch.au","S","98","True"
"open-epg-au.xml","SBS.au","S","0","True"
"open-epg-au.xml","SBS2.au","S","0","True"
"open-epg-au.xml","SBS3.au","S","0","True"
"open-epg-au.xml","SBSHD.au","S","0","True"
"open-epg-au.xml","SBSWW.au","S","0","True"
"open-epg-au.xml","Seven / HSV.au","S","45","False"
"open-epg-au.xml","SHAKE.au","S","0","True"
"open-epg-au.xml","Showcase +2 / SW2.au","S","57","False"
"open-epg-au.xml","Showcase +2 SW2.au","S","55","False"
"open-epg-au.xml","Showcase HD / SHC.au","S","58","True"
"open-epg-au.xml","Showcase HD SHC.au","S","55","True"
"open-epg-au.xml","Showcase HD.au","S","0","True"
"open-epg-au.xml","Showcase SD / SHC.au","S","0","False"
"open-epg-au.xml","Showcase SD SHC.au","S","0","False"
"open-epg-au.xml","Sky News Australia / SKY.au","S","68","True"
"open-epg-au.xml","Sky News Australia SKY.au","S","66","True"
"open-epg-au.xml","Sky News Extra / Sky News Extra.au","S","45","True"
"open-epg-au.xml","Sky News Extra Sky News Extra.au","S","44","True"
"open-epg-au.xml","Sky News HD / NHD.au","S","0","True"
"open-epg-au.xml","Sky News HD NHD.au","S","0","True"
"open-epg-au.xml","Sky News Regional.au","S","94","True"
"open-epg-au.xml","Sky News UK / SUK.au","S","56","True"
"open-epg-au.xml","Sky News UK HD / SUH.au","S","0","True"
"open-epg-au.xml","Sky News UK HD SUH.au","S","0","True"
"open-epg-au.xml","Sky News UK SUK.au","S","54","True"
"open-epg-au.xml","Sky News Weather / SKY Weather.au","S","112","True"
"open-epg-au.xml","Sky News Weather SKY Weather.au","S","109","True"
"open-epg-au.xml","Sky Racing 1 / RACE.au","S","28","True"
"open-epg-au.xml","Sky Racing 1 RACE.au","S","27","True"
"open-epg-au.xml","Sky Racing 2 / Sky Racing 2.au","S","21","True"
"open-epg-au.xml","Sky Racing 2 HD S2H.au","S","0","True"
"open-epg-au.xml","Sky Racing 2 Sky Racing 2.au","S","20","True"
"open-epg-au.xml","Sky Tbred HD / SRH.au","S","0","True"
"open-epg-au.xml","Sky Tbred HD SRH.au","S","0","True"
"open-epg-au.xml","Sky Thoroughbred Central / Sky Thoroughbred C.au","S","62","True"
"open-epg-au.xml","Sky Thoroughbred Central Sky Thoroughbred C.au","S","59","True"
"open-epg-au.xml","SonLife / SLT.au","S","47","True"
"open-epg-au.xml","SonLife SLT.au","S","45","True"
"open-epg-au.xml","Southern Cross 10 HD.au","S","100","True"
"open-epg-au.xml","Southern Cross 10.au","S","100","True"
"open-epg-au.xml","SPREE.au","S","0","True"
"open-epg-au.xml","TBN Inspire / HLT.au","T","102","True"
"open-epg-au.xml","TBN Inspire HLT.au","T","99","True"
"open-epg-au.xml","TENHD.au","T","0","True"
"open-epg-au.xml","TLC / DTA.au","T","56","False"
"open-epg-au.xml","TLC +2 / TLC +2.au","T","57","False"
"open-epg-au.xml","TLC +2 TLC +2.au","T","56","False"
"open-epg-au.xml","TLC DTA.au","T","56","False"
"open-epg-au.xml","Top 30 V19.au","T","9","True"
"open-epg-au.xml","TRACE Sport Stars TSS.au","T","110","True"
"open-epg-au.xml","Trending TMF.au","T","13","True"
"open-epg-au.xml","Triple M 2000s V05.au","T","9","True"
"open-epg-au.xml","Triple M 80s V12.au","T","9","True"
"open-epg-au.xml","Triple M 90s V04.au","T","9","True"
"open-epg-au.xml","Triple M Classic Rock V08.au","T","9","True"
"open-epg-au.xml","Triple M Country V24.au","T","9","True"
"open-epg-au.xml","TRT World / TRT.au","T","96","True"
"open-epg-au.xml","TRT World TRT.au","T","93","True"
"open-epg-au.xml","TVSN / TVSN.au","T","56","True"
"open-epg-au.xml","TVSN Shopping / TVSN Shopping.au","T","56","True"
"open-epg-au.xml","TVSN Shopping TVSN Shopping.au","T","55","True"
"open-epg-au.xml","TVSN.au","T","65","True"
"open-epg-au.xml","TVSN.au","T","65","True"
"open-epg-au.xml","UKTV +2 / UKT2.au","U","66","True"
"open-epg-au.xml","UKTV +2 UKT2.au","U","64","True"
"open-epg-au.xml","UKTV HD / UKT.au","U","69","True"
"open-epg-au.xml","UKTV HD UKT.au","U","66","True"
"open-epg-au.xml","UKTV SD UKH.au","U","0","True"
"open-epg-au.xml","Universal HD / HAL.au","U","56","True"
"open-epg-au.xml","Universal HD HAL.au","U","55","True"
"open-epg-au.xml","Universal SD / UND.au","U","0","True"
"open-epg-au.xml","Universal SD UND.au","U","0","True"
"open-epg-au.xml","Viceland HD.au","V","93","True"
"open-epg-au.xml","VICHD.au","V","0","True"
"open-epg-au.xml","WIN.au","W","69","True"
"open-epg-au.xml","WINHD.au","W","69","True"
"open-epg-au.xml","you.tv / youv.au","y","56","True"
"open-epg-au.xml","YOUTV.au","Y","0","True"
"open-epg-ca.xml","2M Maroc.ca","2","74","False"
"open-epg-ca.xml","Aaj Tak.ca","A","167","True"
"open-epg-ca.xml","Aaj Tak.ca","A","167","True"
"open-epg-ca.xml","AandE Canada HD.ca","A","123","True"
"open-epg-ca.xml","AandE Canada HD.ca","A","123","True"
"open-epg-ca.xml","AandE Canada.ca","A","144","False"
"open-epg-ca.xml","AandE Canada.ca","A","144","False"
"open-epg-ca.xml","AandE Network Canada.ca","A","81","False"
"open-epg-ca.xml","Aapka Colors.ca","A","62","False"
"open-epg-ca.xml","ABC (KOMO) Seattle, WA HD.ca","A","83","True"
"open-epg-ca.xml","ABC (KOMO) Seattle, WA.ca","A","147","True"
"open-epg-ca.xml","ABC (KOMO) Seattle, WA.ca","A","147","True"
"open-epg-ca.xml","ABC (WKBW) Buffalo, NY.ca","A","64","False"
"open-epg-ca.xml","ABC (WVNY) Burlington, VT HD.ca","A","78","True"
"open-epg-ca.xml","ABC (WXYZ) Detroit, MI - Canada HD.ca","A","72","True"
"open-epg-ca.xml","ABC (WXYZ) Detroit, MI - Canada.ca","A","70","False"
"open-epg-ca.xml","ABC Spark HD.ca","A","82","True"
"open-epg-ca.xml","ABC Spark HD.ca","A","82","True"
"open-epg-ca.xml","ABC Spark.ca","A","54","True"
"open-epg-ca.xml","ABC Spark.ca","A","54","True"
"open-epg-ca.xml","Aboriginal Peoples Television Network (East).ca","A","69","True"
"open-epg-ca.xml","ABP News.ca","A","91","True"
"open-epg-ca.xml","Abu Dhabi TV.ca","A","169","True"
"open-epg-ca.xml","Abu Dhabi TV.ca","A","169","True"
"open-epg-ca.xml","Addik TV HD.ca","A","78","True"
"open-epg-ca.xml","Addik TV HD.ca","A","78","True"
"open-epg-ca.xml","Addik TV.ca","A","95","True"
"open-epg-ca.xml","Addik TV.ca","A","95","True"
"open-epg-ca.xml","Adult On Demand.ca","A","106","True"
"open-epg-ca.xml","Adult Swim - East HD.ca","A","29","True"
"open-epg-ca.xml","Adult Swim - East.ca","A","197","True"
"open-epg-ca.xml","Adult Swim - East.ca","A","197","True"
"open-epg-ca.xml","Adult Swim - East.ca","A","197","True"
"open-epg-ca.xml","Adult Swim.ca","A","105","False"
"open-epg-ca.xml","Al Arabiya.ca","A","38","True"
"open-epg-ca.xml","Al Jazeera English.ca","A","150","True"
"open-epg-ca.xml","Al Jazeera English.ca","A","150","True"
"open-epg-ca.xml","Al Nahar Canada.ca","A","57","True"
"open-epg-ca.xml","Al Nahar Canada.ca","A","57","True"
"open-epg-ca.xml","Al Nahar Drama.ca","A","120","True"
"open-epg-ca.xml","Al Nahar Drama.ca","A","120","True"
"open-epg-ca.xml","Al Resalah.ca","A","11","True"
"open-epg-ca.xml","AMC - Canada HD.ca","A","77","True"
"open-epg-ca.xml","AMC - Canada HD.ca","A","77","True"
"open-epg-ca.xml","AMC - Canada.ca","A","63","False"
"open-epg-ca.xml","AMC - Canada.ca","A","63","False"
"open-epg-ca.xml","AMC (Canada).ca","A","30","False"
"open-epg-ca.xml","American Heroes Channel HD.ca","A","15","True"
"open-epg-ca.xml","American Heroes Channel.ca","A","116","True"
"open-epg-ca.xml","American Heroes Channel.ca","A","116","True"
"open-epg-ca.xml","AMI-Audio - East.ca","A","198","True"
"open-epg-ca.xml","AMI-Audio - East.ca","A","198","True"
"open-epg-ca.xml","AMI-Audio - East.ca","A","198","True"
"open-epg-ca.xml","AMI-tu00e9lu00e9.ca","A","211","True"
"open-epg-ca.xml","AMI-tu00e9lu00e9.ca","A","211","True"
"open-epg-ca.xml","AMI-tu00e9lu00e9.ca","A","211","True"
"open-epg-ca.xml","AMI-tv East.ca","A","254","True"
"open-epg-ca.xml","AMI-tv East.ca","A","254","True"
"open-epg-ca.xml","AMI-tv East.ca","A","254","True"
"open-epg-ca.xml","Antena 3 Internacional.ca","A","16","True"
"open-epg-ca.xml","APTN - East.ca","A","203","True"
"open-epg-ca.xml","APTN - East.ca","A","203","True"
"open-epg-ca.xml","APTN - East.ca","A","203","True"
"open-epg-ca.xml","APTN HD.ca","A","50","True"
"open-epg-ca.xml","Aquarium Channel HD.ca","A","78","True"
"open-epg-ca.xml","ART Cable (Arabic).ca","A","50","True"
"open-epg-ca.xml","ARTV HD.ca","A","133","True"
"open-epg-ca.xml","ARTV HD.ca","A","133","True"
"open-epg-ca.xml","ARTV.ca","A","124","True"
"open-epg-ca.xml","ARTV.ca","A","124","True"
"open-epg-ca.xml","ARY Musik.ca","A","80","True"
"open-epg-ca.xml","ARY Musik.ca","A","80","True"
"open-epg-ca.xml","ARY QTV.ca","A","182","True"
"open-epg-ca.xml","ARY QTV.ca","A","182","True"
"open-epg-ca.xml","ARY Zauq.ca","A","104","True"
"open-epg-ca.xml","ARY Zauq.ca","A","104","True"
"open-epg-ca.xml","Assemblee nationale du Quebec.ca","A","48","True"
"open-epg-ca.xml","Assemblee nationale du Quebec.ca","A","48","True"
"open-epg-ca.xml","ATN - Aapka Colors.ca","A","168","True"
"open-epg-ca.xml","ATN - Aapka Colors.ca","A","168","True"
"open-epg-ca.xml","ATN - AASTHA.ca","A","112","True"
"open-epg-ca.xml","ATN - AASTHA.ca","A","112","True"
"open-epg-ca.xml","ATN - ABP News.ca","A","100","True"
"open-epg-ca.xml","ATN - ABP News.ca","A","100","True"
"open-epg-ca.xml","ATN - ARY News.ca","A","89","True"
"open-epg-ca.xml","ATN - ARY News.ca","A","89","True"
"open-epg-ca.xml","ATN - B4U Movies (Hindi).ca","A","20","True"
"open-epg-ca.xml","ATN - B4U Music.ca","A","75","True"
"open-epg-ca.xml","ATN - Bangla.ca","A","147","True"
"open-epg-ca.xml","ATN - Bangla.ca","A","147","True"
"open-epg-ca.xml","ATN - Brit. Asia.ca","A","156","True"
"open-epg-ca.xml","ATN - Brit. Asia.ca","A","156","True"
"open-epg-ca.xml","ATN - Colors Marathi.ca","A","107","True"
"open-epg-ca.xml","ATN - Colors Rishtey.ca","A","150","True"
"open-epg-ca.xml","ATN - Colors Rishtey.ca","A","150","True"
"open-epg-ca.xml","ATN - Cricket Plus.ca","A","36","True"
"open-epg-ca.xml","ATN - Food Food.ca","A","184","True"
"open-epg-ca.xml","ATN - Gujarati.ca","A","201","True"
"open-epg-ca.xml","ATN - IBC Tamil.ca","A","135","True"
"open-epg-ca.xml","ATN - Jaya TV (Tamil).ca","A","117","True"
"open-epg-ca.xml","ATN - Max 2.ca","A","20","False"
"open-epg-ca.xml","ATN - News 18.ca","A","131","True"
"open-epg-ca.xml","ATN - PM One.ca","A","164","True"
"open-epg-ca.xml","ATN - Punjabi.ca","A","97","True"
"open-epg-ca.xml","ATN - SAB TV (Hindi).ca","A","38","True"
"open-epg-ca.xml","ATN - Set Max.ca","A","132","True"
"open-epg-ca.xml","ATN - Sikh.ca","A","227","True"
"open-epg-ca.xml","ATN - Sports.ca","A","176","True"
"open-epg-ca.xml","ATN - Times Now (English).ca","A","114","True"
"open-epg-ca.xml","ATN - TV 18 Urdu.ca","A","50","True"
"open-epg-ca.xml","ATN - Zoom (Hindi).ca","A","189","True"
"open-epg-ca.xml","ATN Malayalam.ca","A","42","True"
"open-epg-ca.xml","ATN Star Plus.ca","A","183","True"
"open-epg-ca.xml","AXS TV North America.ca","A","54","True"
"open-epg-ca.xml","B4U Movies North America.ca","B","35","True"
"open-epg-ca.xml","B4U Music North America.ca","B","90","True"
"open-epg-ca.xml","BBC Arabic Canada.ca","B","198","True"
"open-epg-ca.xml","BBC Canada East.ca","B","36","False"
"open-epg-ca.xml","BBC Earth HD.ca","B","136","True"
"open-epg-ca.xml","BBC First HD.ca","B","140","True"
"open-epg-ca.xml","BBC News - North America HD.ca","B","55","True"
"open-epg-ca.xml","BBC News - North America.ca","B","223","True"
"open-epg-ca.xml","BBC News - North America.ca","B","223","True"
"open-epg-ca.xml","BC Legislature.ca","B","25","True"
"open-epg-ca.xml","Beijing TV.ca","B","119","True"
"open-epg-ca.xml","beIN Sport Canada HD.ca","b","44","True"
"open-epg-ca.xml","beIN Sport en Espanol HD.ca","b","101","True"
"open-epg-ca.xml","beIN Sport en Espanol.ca","b","50","True"
"open-epg-ca.xml","Bell Fibe: MLB Extra Innings 1.ca","B","18","True"
"open-epg-ca.xml","Bell Fibe: MLB Extra Innings 10.ca","B","15","True"
"open-epg-ca.xml","Bell Fibe: MLB Extra Innings 11.ca","B","15","True"
"open-epg-ca.xml","Bell Fibe: MLB Extra Innings 12.ca","B","15","True"
"open-epg-ca.xml","Bell Fibe: MLB Extra Innings 13.ca","B","57","True"
"open-epg-ca.xml","Bell Fibe: MLB Extra Innings 2.ca","B","17","True"
"open-epg-ca.xml","Bell Fibe: MLB Extra Innings 3.ca","B","15","True"
"open-epg-ca.xml","Bell Fibe: MLB Extra Innings 4.ca","B","15","True"
"open-epg-ca.xml","Bell Fibe: MLB Extra Innings 5.ca","B","15","True"
"open-epg-ca.xml","Bell Fibe: MLB Extra Innings 6.ca","B","15","True"
"open-epg-ca.xml","Bell Fibe: MLB Extra Innings 7.ca","B","15","True"
"open-epg-ca.xml","Bell Fibe: MLB Extra Innings 8.ca","B","15","True"
"open-epg-ca.xml","Bell Fibe: MLB Extra Innings 9.ca","B","15","True"
"open-epg-ca.xml","Bell Fibe: NBA League Pass 1.ca","B","28","True"
"open-epg-ca.xml","Bell Fibe: NBA League Pass 10.ca","B","15","True"
"open-epg-ca.xml","Bell Fibe: NBA League Pass 2.ca","B","28","True"
"open-epg-ca.xml","Bell Fibe: NBA League Pass 3.ca","B","28","True"
"open-epg-ca.xml","Bell Fibe: NBA League Pass 4.ca","B","28","True"
"open-epg-ca.xml","Bell Fibe: NBA League Pass 5.ca","B","28","True"
"open-epg-ca.xml","Bell Fibe: NBA League Pass 6.ca","B","17","True"
"open-epg-ca.xml","Bell Fibe: NBA League Pass 7.ca","B","18","True"
"open-epg-ca.xml","Bell Fibe: NBA League Pass 8.ca","B","17","True"
"open-epg-ca.xml","Bell Fibe: NBA League Pass 9.ca","B","15","True"
"open-epg-ca.xml","Bell Fibe: NHL Centre Ice 1.ca","B","16","True"
"open-epg-ca.xml","Bell Fibe: NHL Centre Ice 10.ca","B","33","True"
"open-epg-ca.xml","Bell Fibe: NHL Centre Ice 2.ca","B","17","True"
"open-epg-ca.xml","Bell Fibe: NHL Centre Ice 3.ca","B","17","True"
"open-epg-ca.xml","Bell Fibe: NHL Centre Ice 4.ca","B","17","True"
"open-epg-ca.xml","Bell Fibe: NHL Centre Ice 5.ca","B","17","True"
"open-epg-ca.xml","Bell Fibe: NHL Centre Ice 6.ca","B","14","True"
"open-epg-ca.xml","Bell Fibe: NHL Centre Ice 7.ca","B","15","True"
"open-epg-ca.xml","Bell Fibe: NHL Centre Ice 8.ca","B","14","True"
"open-epg-ca.xml","Bell Fibe: NHL Centre Ice 9.ca","B","13","True"
"open-epg-ca.xml","Big Ten Network HD.ca","B","38","True"
"open-epg-ca.xml","Bloomberg TV Canada HD.ca","B","57","True"
"open-epg-ca.xml","BNN Bloomberg HD.ca","B","86","True"
"open-epg-ca.xml","BNN Bloomberg HD.ca","B","86","True"
"open-epg-ca.xml","BNN Bloomberg.ca","B","120","False"
"open-epg-ca.xml","BNN Business News Network Bloomberg.ca","B","53","False"
"open-epg-ca.xml","Boomerang Canada HD.ca","B","55","True"
"open-epg-ca.xml","Boomerang Canada.ca","B","237","False"
"open-epg-ca.xml","Boomerang Canada.ca","B","237","False"
"open-epg-ca.xml","Bravo (Canada).ca","B","52","False"
"open-epg-ca.xml","Bravo Canada HD.ca","B","73","True"
"open-epg-ca.xml","Bravo Canada HD.ca","B","73","True"
"open-epg-ca.xml","Bravo Canada.ca","B","112","False"
"open-epg-ca.xml","Cable News Network (Canada).ca","C","49","False"
"open-epg-ca.xml","Cable Public Affairs TV.ca","C","35","False"
"open-epg-ca.xml","Canal D HD.ca","C","52","True"
"open-epg-ca.xml","Canal D.ca","C","133","True"
"open-epg-ca.xml","Canal Sur.ca","C","16","False"
"open-epg-ca.xml","Canal Vie HD.ca","C","24","True"
"open-epg-ca.xml","Canal Vie.ca","C","170","True"
"open-epg-ca.xml","Canal VIE.ca","C","170","True"
"open-epg-ca.xml","Capital Networks: Shopping Channel 2.ca","C","67","True"
"open-epg-ca.xml","Caracol TV Internacional.ca","C","64","True"
"open-epg-ca.xml","Cartoon Network (Canada-East).ca","C","159","True"
"open-epg-ca.xml","Cartoon Network Canada - East HD.ca","C","143","True"
"open-epg-ca.xml","Cartoon Network Canada - East HD.ca","C","143","True"
"open-epg-ca.xml","Cartoon Network Canada - East.ca","C","129","False"
"open-epg-ca.xml","Cartoon Network Canada - West.ca","C","129","False"
"open-epg-ca.xml","CASA HD.ca","C","62","True"
"open-epg-ca.xml","CASA.ca","C","127","True"
"open-epg-ca.xml","CATV-23.ca","C","3","False"
"open-epg-ca.xml","CBC (CBAT) Fredericton, NB.ca","C","74","False"
"open-epg-ca.xml","CBC (CBHT) Halifax, NS HD.ca","C","124","True"
"open-epg-ca.xml","CBC (CBHT) Halifax, NS HD.ca","C","124","True"
"open-epg-ca.xml","CBC (CBLT) Toronto, ON HD.ca","C","68","True"
"open-epg-ca.xml","CBC (CBLT) Toronto, ON.ca","C","158","False"
"open-epg-ca.xml","CBC (CBMT) Montreal, QC HD.ca","C","76","True"
"open-epg-ca.xml","CBC (CBMT) Montreal, QC.ca","C","149","True"
"open-epg-ca.xml","CBC (CBOT) Ottawa, ON HD.ca","C","69","True"
"open-epg-ca.xml","CBC (CBOT) Ottawa, ON.ca","C","149","True"
"open-epg-ca.xml","CBC (CBRT) Calgary, AB HD.ca","C","67","True"
"open-epg-ca.xml","CBC (CBRT) Calgary, AB.ca","C","151","True"
"open-epg-ca.xml","CBC (CBUT) Vancouver, BC HD.ca","C","100","True"
"open-epg-ca.xml","CBC (CBUT) Vancouver, BC.ca","C","152","False"
"open-epg-ca.xml","CBC (CBWT) Winnipeg, MB HD.ca","C","74","True"
"open-epg-ca.xml","CBC (CBWT) Winnipeg, MB.ca","C","151","True"
"open-epg-ca.xml","CBC (CBXT) Edmonton, AB HD.ca","C","79","True"
"open-epg-ca.xml","CBC (CBXT) Edmonton, AB.ca","C","69","False"
"open-epg-ca.xml","CBC Edmonton HDTV.ca","C","100","True"
"open-epg-ca.xml","CBC Fredericton.ca","C","102","False"
"open-epg-ca.xml","CBC News Network HD.ca","C","166","True"
"open-epg-ca.xml","CBC News Network HD.ca","C","166","True"
"open-epg-ca.xml","CBC News Network.ca","C","208","True"
"open-epg-ca.xml","CBC News Network.ca","C","208","True"
"open-epg-ca.xml","CBC Quebec.ca","C","100","False"
"open-epg-ca.xml","CBN (Commonwealth Broadcasting Network).ca","C","66","False"
"open-epg-ca.xml","CBS (KIRO) Seattle, WA HD.ca","C","80","True"
"open-epg-ca.xml","CBS (KIRO) Seattle, WA.ca","C","75","False"
"open-epg-ca.xml","CBS (WCAX) Burlington, VT HD.ca","C","64","True"
"open-epg-ca.xml","CBS (WIVB) Buffalo, NY.ca","C","86","False"
"open-epg-ca.xml","CBS (WWJ) Detroit, MI HD.ca","C","78","True"
"open-epg-ca.xml","CCTV-3 (Arts and Entertainment).ca","C","130","True"
"open-epg-ca.xml","CCTV-4 America.ca","C","190","True"
"open-epg-ca.xml","CCTV9 Documentary (English).ca","C","48","False"
"open-epg-ca.xml","CGTN Franu00e7ais.ca","C","113","False"
"open-epg-ca.xml","Channel 1 Russian.ca","C","34","True"
"open-epg-ca.xml","Channel Punjabi.ca","C","196","True"
"open-epg-ca.xml","CHAU TVA (Carleton).ca","C","46","False"
"open-epg-ca.xml","CHCH Hamilton, ON HD.ca","C","66","True"
"open-epg-ca.xml","CHCH Hamilton, ON.ca","C","148","False"
"open-epg-ca.xml","CHEK Vancouver Island, BC.ca","C","68","False"
"open-epg-ca.xml","Cinelatino USA.ca","C","74","True"
"open-epg-ca.xml","Cinu00e9pop HD.ca","C","61","True"
"open-epg-ca.xml","Cinu00e9pop.ca","C","63","True"
"open-epg-ca.xml","CITY Montreal, QC HD.ca","C","67","True"
"open-epg-ca.xml","CITY Montreal, QC.ca","C","157","True"
"open-epg-ca.xml","CITY Toronto, ON HD.ca","C","85","True"
"open-epg-ca.xml","CITY Toronto, ON.ca","C","140","False"
"open-epg-ca.xml","CITY Vancouver, BC HD.ca","C","72","True"
"open-epg-ca.xml","CITY Vancouver, BC.ca","C","141","False"
"open-epg-ca.xml","Citytv Calgary HDTV.ca","C","68","True"
"open-epg-ca.xml","Citytv Edmonton HDTV.ca","C","68","True"
"open-epg-ca.xml","Citytv Toronto.ca","C","59","False"
"open-epg-ca.xml","CJBR ICI Radio Canada (Pokemouche).ca","C","95","False"
"open-epg-ca.xml","CJON (NTV) St-John, NL.ca","C","90","False"
"open-epg-ca.xml","CMT Canada HD.ca","C","87","True"
"open-epg-ca.xml","CMT Canada.ca","C","271","False"
"open-epg-ca.xml","CMT Canada.ca","C","271","False"
"open-epg-ca.xml","CNBC Canada.ca","C","182","False"
"open-epg-ca.xml","CNBC Canada.ca","C","182","False"
"open-epg-ca.xml","CNN HD.ca","C","114","True"
"open-epg-ca.xml","CNN HD.ca","C","114","True"
"open-epg-ca.xml","CNN International North America.ca","C","119","False"
"open-epg-ca.xml","CNN.ca","C","151","False"
"open-epg-ca.xml","Comedy Central (East).ca","C","82","False"
"open-epg-ca.xml","Consumer News and Business Channel Canada.ca","C","47","True"
"open-epg-ca.xml","Cottage Life HD.ca","C","135","True"
"open-epg-ca.xml","Cottage Life HD.ca","C","135","True"
"open-epg-ca.xml","Cottage Life.ca","C","135","False"
"open-epg-ca.xml","Country Music Television Canada.ca","C","94","True"
"open-epg-ca.xml","CP24 (CablePulse 24) HD.ca","C","71","True"
"open-epg-ca.xml","CP24 (CablePulse 24).ca","C","63","False"
"open-epg-ca.xml","CPAC (Francais).ca","C","126","True"
"open-epg-ca.xml","CPAC Ottawa.ca","C","118","True"
"open-epg-ca.xml","CPAC Ottawa.ca","C","118","True"
"open-epg-ca.xml","Crave1 - East HD.ca","C","70","True"
"open-epg-ca.xml","Crave1 - East HD.ca","C","70","True"
"open-epg-ca.xml","Crave1 - East.ca","C","70","False"
"open-epg-ca.xml","Crave2 - East HD.ca","C","91","True"
"open-epg-ca.xml","Crave2 - East HD.ca","C","91","True"
"open-epg-ca.xml","Crave2 - East.ca","C","70","False"
"open-epg-ca.xml","Crave3 - East HD.ca","C","77","True"
"open-epg-ca.xml","Crave3 - East HD.ca","C","77","True"
"open-epg-ca.xml","Crave3 - East.ca","C","73","False"
"open-epg-ca.xml","Crave4 HD.ca","C","64","True"
"open-epg-ca.xml","Crave4 HD.ca","C","64","True"
"open-epg-ca.xml","Crave4.ca","C","72","False"
"open-epg-ca.xml","Crime + Investigation Canada HD.ca","C","90","True"
"open-epg-ca.xml","Crime + Investigation Canada.ca","C","197","False"
"open-epg-ca.xml","Crime + Investigation Canada.ca","C","197","False"
"open-epg-ca.xml","CTV (CFCN) Calgary, AB HD.ca","C","70","True"
"open-epg-ca.xml","CTV (CFCN) Calgary, AB.ca","C","127","True"
"open-epg-ca.xml","CTV (CFTO) Toronto, ON HD.ca","C","85","True"
"open-epg-ca.xml","CTV (CFTO) Toronto, ON.ca","C","73","False"
"open-epg-ca.xml","CTV (CHBX) Sault Ste. Marie, ON.ca","C","67","False"
"open-epg-ca.xml","CTV (CICI) Sudbury, ON HD.ca","C","75","True"
"open-epg-ca.xml","CTV (CICI) Sudbury, ON.ca","C","74","False"
"open-epg-ca.xml","CTV (CITO) Timmins, ON.ca","C","69","False"
"open-epg-ca.xml","CTV (CJCB) Sydney/ Cape Breton, NS.ca","C","69","False"
"open-epg-ca.xml","CTV (CJCH) Halifax HD.ca","C","130","True"
"open-epg-ca.xml","CTV (CJCH) Halifax HD.ca","C","130","True"
"open-epg-ca.xml","CTV (CJCH) Halifax.ca","C","138","False"
"open-epg-ca.xml","CTV (CKCK) Regina, SK HD.ca","C","70","True"
"open-epg-ca.xml","CTV (CKCK) Regina, SK.ca","C","69","False"
"open-epg-ca.xml","CTV (CKCO) Kitchener, ON HD.ca","C","74","True"
"open-epg-ca.xml","CTV (CKCO) Kitchener, ON.ca","C","67","False"
"open-epg-ca.xml","CTV (CKCW) Moncton HD.ca","C","75","True"
"open-epg-ca.xml","CTV (CKCW) Moncton.ca","C","66","False"
"open-epg-ca.xml","CTV (CKNY) North Bay, ON.ca","C","67","False"
"open-epg-ca.xml","CTV (CKY) Winnipeg, MB HD.ca","C","48","True"
"open-epg-ca.xml","CTV (CKY) Winnipeg, MB.ca","C","133","True"
"open-epg-ca.xml","CTV Atlantic (Moncton, NS).ca","C","59","False"
"open-epg-ca.xml","CTV Comedy - East HD.ca","C","178","True"
"open-epg-ca.xml","CTV Comedy - East HD.ca","C","178","True"
"open-epg-ca.xml","CTV Comedy - East.ca","C","171","False"
"open-epg-ca.xml","CTV Comedy - West HD.ca","C","66","True"
"open-epg-ca.xml","CTV Comedy - West.ca","C","221","False"
"open-epg-ca.xml","CTV DRAMA Channel SD.ca","C","49","False"
"open-epg-ca.xml","CTV Drama HD.ca","C","117","True"
"open-epg-ca.xml","CTV Drama HD.ca","C","117","True"
"open-epg-ca.xml","CTV Drama.ca","C","95","False"
"open-epg-ca.xml","CTV Edmonton HDTV.ca","C","55","True"
"open-epg-ca.xml","CTV LIFE Channel SD.ca","C","46","False"
"open-epg-ca.xml","CTV Life HD.ca","C","221","True"
"open-epg-ca.xml","CTV Life HD.ca","C","221","True"
"open-epg-ca.xml","CTV Life.ca","C","165","False"
"open-epg-ca.xml","CTV Montreal (CFCF), QC HD.ca","C","69","True"
"open-epg-ca.xml","CTV Montreal (CFCF), QC.ca","C","131","True"
"open-epg-ca.xml","CTV Nature Canada HD.ca","C","70","True"
"open-epg-ca.xml","CTV Nature Canada.ca","C","129","False"
"open-epg-ca.xml","CTV News Channel HD.ca","C","162","True"
"open-epg-ca.xml","CTV News Channel HD.ca","C","162","True"
"open-epg-ca.xml","CTV News Channel.ca","C","234","True"
"open-epg-ca.xml","CTV News Channel.ca","C","234","True"
"open-epg-ca.xml","CTV Ottawa (CJOH), ON HD.ca","C","64","True"
"open-epg-ca.xml","CTV Ottawa (CJOH), ON.ca","C","131","False"
"open-epg-ca.xml","CTV SCI-FI Channel SD.ca","C","34","False"
"open-epg-ca.xml","CTV Sci-Fi HD.ca","C","97","False"
"open-epg-ca.xml","CTV Sci-Fi HD.ca","C","97","False"
"open-epg-ca.xml","CTV Sci-Fi.ca","C","115","False"
"open-epg-ca.xml","CTV Speed HD.ca","C","150","True"
"open-epg-ca.xml","CTV Two Atlantic.ca","C","62","False"
"open-epg-ca.xml","CTV Two London/CFPL.ca","C","67","False"
"open-epg-ca.xml","CTV Vancouver, BC HD.ca","C","70","True"
"open-epg-ca.xml","CTV Vancouver, BC.ca","C","131","False"
"open-epg-ca.xml","CTV Wild Canada HD.ca","C","90","True"
"open-epg-ca.xml","CTV Wild Canada HD.ca","C","90","True"
"open-epg-ca.xml","CTV Wild Canada.ca","C","95","False"
"open-epg-ca.xml","CTV2 (CIVI-DT2) Vancouver, BC.ca","C","64","False"
"open-epg-ca.xml","CTV2 Atlantic Region HD.ca","C","134","True"
"open-epg-ca.xml","CTV2 Atlantic Region HD.ca","C","134","True"
"open-epg-ca.xml","CTV2 Atlantic Region.ca","C","139","False"
"open-epg-ca.xml","CTV2 Barrie, ON (CKVR).ca","C","74","False"
"open-epg-ca.xml","CTV2 Vancouver Island. BC HD.ca","C","67","True"
"open-epg-ca.xml","CTV2 Windsor, ON.ca","C","75","False"
"open-epg-ca.xml","Current Time TV.ca","C","96","True"
"open-epg-ca.xml","Daystar Canada.ca","D","208","True"
"open-epg-ca.xml","DD Bharati (Doordarshan).ca","D","195","True"
"open-epg-ca.xml","DD India (Doordarshan).ca","D","89","True"
"open-epg-ca.xml","DD News (Doordarshan).ca","D","161","True"
"open-epg-ca.xml","DD Urdu (Doordarshan).ca","D","92","False"
"open-epg-ca.xml","Deja View.ca","D","160","False"
"open-epg-ca.xml","Detskiy.ca","D","46","False"
"open-epg-ca.xml","Disney Canada SD.ca","D","114","False"
"open-epg-ca.xml","Disney Channel Canada - East.ca","D","173","True"
"open-epg-ca.xml","Disney Channel Canada HD - East.ca","D","52","True"
"open-epg-ca.xml","Disney Jr. Canada.ca","D","3","False"
"open-epg-ca.xml","Disney Junior Canada HD.ca","D","15","True"
"open-epg-ca.xml","Disney Junior Canada.ca","D","166","True"
"open-epg-ca.xml","Disney Junior Canada.ca","D","166","True"
"open-epg-ca.xml","Disney XD Canada HD.ca","D","110","True"
"open-epg-ca.xml","Disney XD Canada.ca","D","86","False"
"open-epg-ca.xml","Documentary Channel (Canada) HD.ca","D","48","True"
"open-epg-ca.xml","Documentary Channel (Canada) HD.ca","D","48","True"
"open-epg-ca.xml","Documentary Channel (Canada).ca","D","99","False"
"open-epg-ca.xml","Dorcel TV (Franu00e7ais) HD.ca","D","114","True"
"open-epg-ca.xml","Dream 2.ca","D","112","True"
"open-epg-ca.xml","DTOUR HD.ca","D","196","True"
"open-epg-ca.xml","DTOUR HD.ca","D","196","True"
"open-epg-ca.xml","DTOUR.ca","D","210","False"
"open-epg-ca.xml","DW English.ca","D","165","True"
"open-epg-ca.xml","E! Canada HD.ca","E","108","True"
"open-epg-ca.xml","E! Canada HD.ca","E","108","True"
"open-epg-ca.xml","E! Canada.ca","E","116","False"
"open-epg-ca.xml","E! Entertainment Television Canada.ca","E","43","False"
"open-epg-ca.xml","ELLE Fictions.ca","E","68","True"
"open-epg-ca.xml","ERT World (Canada).ca","E","53","True"
"open-epg-ca.xml","ESPN Classic Canada.ca","E","99","True"
"open-epg-ca.xml","ESPN Classic Canada.ca","E","99","True"
"open-epg-ca.xml","Euronews - Franu00e7ais.ca","E","101","True"
"open-epg-ca.xml","Evasion HD.ca","E","60","True"
"open-epg-ca.xml","Evasion.ca","E","117","True"
"open-epg-ca.xml","EWTN Canada.ca","E","138","True"
"open-epg-ca.xml","Explora HD.ca","E","15","True"
"open-epg-ca.xml","Explora.ca","E","62","False"
"open-epg-ca.xml","Fairchild TV 1 - East (Mandarin).ca","F","87","False"
"open-epg-ca.xml","Fairchild TV 1 - East.ca","F","91","True"
"open-epg-ca.xml","Fairchild TV 1 - East.ca","F","91","True"
"open-epg-ca.xml","Fairchild TV 1 - Pacific.ca","F","170","True"
"open-epg-ca.xml","Fairchild TV 2 HD.ca","F","37","True"
"open-epg-ca.xml","Family Channel Canada - East HD.ca","F","93","True"
"open-epg-ca.xml","Family Channel Canada - East HD.ca","F","93","True"
"open-epg-ca.xml","Family Channel Canada - East.ca","F","30","True"
"open-epg-ca.xml","Family Channel Canada - West.ca","F","81","True"
"open-epg-ca.xml","Family Channel on Demand.ca","F","15","True"
"open-epg-ca.xml","Family Jr. (SD).ca","F","3","True"
"open-epg-ca.xml","Family Jr..ca","F","89","True"
"open-epg-ca.xml","Festival Portuguese TV.ca","F","42","False"
"open-epg-ca.xml","Fight Network Canada HD.ca","F","18","True"
"open-epg-ca.xml","Fight Network Canada.ca","F","193","True"
"open-epg-ca.xml","Fight Network Canada.ca","F","193","True"
"open-epg-ca.xml","Filipino TV.ca","F","120","True"
"open-epg-ca.xml","FILMY.ca","F","64","True"
"open-epg-ca.xml","Fireplace Channel.ca","F","30","True"
"open-epg-ca.xml","Flavour Network HD.ca","F","129","True"
"open-epg-ca.xml","Flavour Network HD.ca","F","129","True"
"open-epg-ca.xml","Flavour Network.ca","F","109","False"
"open-epg-ca.xml","FOX (KCPQ) Tacoma, WA - Canada.ca","F","133","True"
"open-epg-ca.xml","FOX (KCPQ) Tacoma, WA HD - Canada.ca","F","86","True"
"open-epg-ca.xml","FOX (WFFF) Burlington, VT HD.ca","F","85","True"
"open-epg-ca.xml","FOX (WJBK) Detroit, MI HD.ca","F","78","True"
"open-epg-ca.xml","FOX (WUTV) Buffalo, NY.ca","F","63","False"
"open-epg-ca.xml","Fox News.ca","F","177","True"
"open-epg-ca.xml","Fox News.ca","F","177","True"
"open-epg-ca.xml","Fox Sports Racing.ca","F","94","True"
"open-epg-ca.xml","Free Preview Channel 1 (Rogers).ca","F","3","False"
"open-epg-ca.xml","Future TV International.ca","F","93","True"
"open-epg-ca.xml","FX (Canada).ca","F","56","False"
"open-epg-ca.xml","FX Networks Canada HD.ca","F","51","True"
"open-epg-ca.xml","FX Networks Canada.ca","F","216","False"
"open-epg-ca.xml","FX Networks Canada.ca","F","216","False"
"open-epg-ca.xml","FXX Canada HD.ca","F","34","True"
"open-epg-ca.xml","FXX Canada.ca","F","263","False"
"open-epg-ca.xml","FXX Canada.ca","F","263","False"
"open-epg-ca.xml","Game Show Network - East HD.ca","G","91","True"
"open-epg-ca.xml","Game Show Network - East.ca","G","180","True"
"open-epg-ca.xml","Game TV HD.ca","G","21","True"
"open-epg-ca.xml","Game TV.ca","G","114","True"
"open-epg-ca.xml","GAME+ HD.ca","G","16","True"
"open-epg-ca.xml","GameTV.ca","G","65","True"
"open-epg-ca.xml","GEO TV.ca","G","205","True"
"open-epg-ca.xml","German Kino Plus.ca","G","56","False"
"open-epg-ca.xml","Global (CHEX-TV-2) Durham, ON HD.ca","G","63","True"
"open-epg-ca.xml","Global (CHEX-TV-2) Durham, ON.ca","G","150","True"
"open-epg-ca.xml","Global (CHEX) Peterborough, ON HD.ca","G","68","True"
"open-epg-ca.xml","Global (CHEX) Peterborough, ON.ca","G","78","False"
"open-epg-ca.xml","Global (CIHF) Dartmouth HD.ca","G","73","True"
"open-epg-ca.xml","Global (CIHF) Dartmouth.ca","G","67","False"
"open-epg-ca.xml","Global (CIII-DT-41) Toronto.ca","G","65","False"
"open-epg-ca.xml","Global (CIII) Ontario HD.ca","G","74","True"
"open-epg-ca.xml","Global (CKMI) Quebec HD.ca","G","68","True"
"open-epg-ca.xml","Global (CKMI) Quebec.ca","G","72","False"
"open-epg-ca.xml","Global (CKWS) Kingston, ON HD.ca","G","63","True"
"open-epg-ca.xml","Global (CKWS) Kingston, ON.ca","G","69","False"
"open-epg-ca.xml","Global BC HD.ca","G","67","True"
"open-epg-ca.xml","Global BC.ca","G","166","True"
"open-epg-ca.xml","Global Calgary HDTV.ca","G","58","True"
"open-epg-ca.xml","Global Edmonton HDTV.ca","G","57","True"
"open-epg-ca.xml","Global Maritimes.ca","G","66","False"
"open-epg-ca.xml","Globo Internacional.ca","G","39","False"
"open-epg-ca.xml","GMA Life TV.ca","G","126","True"
"open-epg-ca.xml","GMA News.ca","G","136","True"
"open-epg-ca.xml","GMA Pinoy TV.ca","G","95","True"
"open-epg-ca.xml","Golf Channel Canada HD.ca","G","60","True"
"open-epg-ca.xml","Golf Channel Canada.ca","G","115","True"
"open-epg-ca.xml","Golf Channel Canada.ca","G","115","True"
"open-epg-ca.xml","Halla Bol!.ca","H","51","False"
"open-epg-ca.xml","HBO Canada 2 - West.ca","H","94","False"
"open-epg-ca.xml","HBO On Demand.ca","H","31","False"
"open-epg-ca.xml","HBO1 HD.ca","H","74","True"
"open-epg-ca.xml","HBO1 HD.ca","H","74","True"
"open-epg-ca.xml","HBO1.ca","H","89","False"
"open-epg-ca.xml","Historia HD.ca","H","51","True"
"open-epg-ca.xml","Historia.ca","H","127","True"
"open-epg-ca.xml","History 2 Canada HD.ca","H","55","True"
"open-epg-ca.xml","History 2 Canada.ca","H","210","False"
"open-epg-ca.xml","History 2 Canada.ca","H","210","False"
"open-epg-ca.xml","History Canada East.ca","H","129","False"
"open-epg-ca.xml","History Canada HD East.ca","H","117","True"
"open-epg-ca.xml","History Canada HD East.ca","H","117","True"
"open-epg-ca.xml","History Television (East).ca","H","52","False"
"open-epg-ca.xml","HLN HD.ca","H","54","True"
"open-epg-ca.xml","HLN.ca","H","355","False"
"open-epg-ca.xml","HLN.ca","H","355","False"
"open-epg-ca.xml","HLN.ca","H","355","False"
"open-epg-ca.xml","Hollywood Suite 00s HD.ca","H","67","True"
"open-epg-ca.xml","Hollywood Suite 00s.ca","H","74","False"
"open-epg-ca.xml","Hollywood Suite 70s HD.ca","H","50","True"
"open-epg-ca.xml","Hollywood Suite 70s.ca","H","64","False"
"open-epg-ca.xml","Hollywood Suite 80s HD.ca","H","41","True"
"open-epg-ca.xml","Hollywood Suite 80s.ca","H","42","False"
"open-epg-ca.xml","Hollywood Suite 90s HD.ca","H","34","True"
"open-epg-ca.xml","Hollywood Suite 90s.ca","H","80","False"
"open-epg-ca.xml","Hollywood Suite On Demand.ca","H","15","False"
"open-epg-ca.xml","Home Network (Canada).ca","H","57","False"
"open-epg-ca.xml","Home Network HD.ca","H","161","True"
"open-epg-ca.xml","Home Network HD.ca","H","161","True"
"open-epg-ca.xml","Home Network.ca","H","124","False"
"open-epg-ca.xml","HPItv Canada.ca","H","30","True"
"open-epg-ca.xml","HPItv.ca","H","32","True"
"open-epg-ca.xml","HRT 1 - Croatian Radio-Television.ca","H","113","False"
"open-epg-ca.xml","ICI (CBAFT) Moncton, NB HD.ca","I","100","True"
"open-epg-ca.xml","ICI (CBAFT) Moncton, NB HD.ca","I","100","True"
"open-epg-ca.xml","ICI (CBAFT) Moncton, NB.ca","I","34","False"
"open-epg-ca.xml","ICI (CBFT) Montreal, QC.ca","I","50","False"
"open-epg-ca.xml","ICI (CBLFT) Toronto HD.ca","I","95","True"
"open-epg-ca.xml","ICI (CBLFT) Toronto.ca","I","68","True"
"open-epg-ca.xml","ICI (CBOFT) Ottawa, ON HD.ca","I","85","True"
"open-epg-ca.xml","ICI (CBOFT) Ottawa, ON.ca","I","95","True"
"open-epg-ca.xml","ICI (CBUFT) Vancouver, BC HD.ca","I","106","True"
"open-epg-ca.xml","ICI (CBUFT) Vancouver, BC.ca","I","34","False"
"open-epg-ca.xml","ICI (CBVT) Quebec, QC - Digital.ca","I","67","False"
"open-epg-ca.xml","ICI Reseau de lInformation.ca","I","66","False"
"open-epg-ca.xml","Ici Tele Acadie.ca","I","96","False"
"open-epg-ca.xml","India Today.ca","I","186","True"
"open-epg-ca.xml","Investigation HD.ca","I","45","True"
"open-epg-ca.xml","Investigation.ca","I","59","False"
"open-epg-ca.xml","Jiangsu International.ca","J","130","True"
"open-epg-ca.xml","Kapatid TV5.ca","K","97","True"
"open-epg-ca.xml","Kids OnDemand.ca","K","15","True"
"open-epg-ca.xml","KTLA Los Angeles, CA HD.ca","K","34","True"
"open-epg-ca.xml","KTLA Los Angeles, CA.ca","K","107","True"
"open-epg-ca.xml","La Chaine Disney HD.ca","L","40","True"
"open-epg-ca.xml","La Chaine Disney.ca","L","33","False"
"open-epg-ca.xml","LCN HD.ca","L","140","True"
"open-epg-ca.xml","LCN HD.ca","L","140","True"
"open-epg-ca.xml","LCN.ca","L","173","True"
"open-epg-ca.xml","Le Canal Nouvelles.ca","L","72","False"
"open-epg-ca.xml","LifeStyle Network.ca","L","72","False"
"open-epg-ca.xml","Lifestyles on Demand.ca","L","35","False"
"open-epg-ca.xml","Lifetime Canada.ca","L","30","False"
"open-epg-ca.xml","Lifetime TV - Canada HD.ca","L","81","True"
"open-epg-ca.xml","Lifetime TV - Canada HD.ca","L","81","True"
"open-epg-ca.xml","Lifetime TV - Canada.ca","L","86","True"
"open-epg-ca.xml","Local Programming (Generic).ca","L","3","False"
"open-epg-ca.xml","Love Nature.ca","L","141","True"
"open-epg-ca.xml","LS Times.ca","L","47","True"
"open-epg-ca.xml","Magnolia Network Canada (SD).ca","M","0","True"
"open-epg-ca.xml","Magnolia Network Canada.ca","M","99","True"
"open-epg-ca.xml","Magnolia Network Canada.ca","M","99","True"
"open-epg-ca.xml","Maine Public Broadcasting Network.ca","M","48","False"
"open-epg-ca.xml","Makeful.ca","M","196","True"
"open-epg-ca.xml","Makeful.ca","M","196","True"
"open-epg-ca.xml","MAX HD.ca","M","56","True"
"open-epg-ca.xml","MAX.ca","M","85","True"
"open-epg-ca.xml","MBC America (Korean).ca","M","45","False"
"open-epg-ca.xml","Mega Cosmos.ca","M","118","True"
"open-epg-ca.xml","Melody Aflam.ca","M","96","True"
"open-epg-ca.xml","Melody Drama.ca","M","69","True"
"open-epg-ca.xml","Melody Hits.ca","M","152","True"
"open-epg-ca.xml","Meteo Media.ca","M","7","False"
"open-epg-ca.xml","Meteo-Media HD.ca","M","50","True"
"open-epg-ca.xml","Meteo-Media.ca","M","36","True"
"open-epg-ca.xml","Mezzo Live HD.ca","M","76","True"
"open-epg-ca.xml","MLB Extra Innings 1 HD.ca","M","58","True"
"open-epg-ca.xml","MLB Extra Innings 2 HD.ca","M","94","True"
"open-epg-ca.xml","MLB Extra Innings 3 HD.ca","M","60","True"
"open-epg-ca.xml","MLB Extra Innings 4 HD.ca","M","104","True"
"open-epg-ca.xml","MLB Extra Innings 5 HD.ca","M","63","True"
"open-epg-ca.xml","MLB Network Canada HD.ca","M","16","True"
"open-epg-ca.xml","MLB Network Canada.ca","M","111","True"
"open-epg-ca.xml","MLB Network Canada.ca","M","111","True"
"open-epg-ca.xml","MNT (WNYO) Buffalo, NY HD.ca","M","82","False"
"open-epg-ca.xml","MOMO Kids.ca","M","76","True"
"open-epg-ca.xml","MovieTime HD.ca","M","97","True"
"open-epg-ca.xml","MovieTime HD.ca","M","97","True"
"open-epg-ca.xml","MovieTime.ca","M","74","False"
"open-epg-ca.xml","MSNBC Canada HD.ca","M","90","True"
"open-epg-ca.xml","MSNBC Canada.ca","M","114","False"
"open-epg-ca.xml","MTV 2 Canada.ca","M","47","False"
"open-epg-ca.xml","MTV 2 Canada.ca","M","47","False"
"open-epg-ca.xml","MTV Canada.ca","M","104","False"
"open-epg-ca.xml","MTV India.ca","M","131","True"
"open-epg-ca.xml","Much Music HD.ca","M","89","True"
"open-epg-ca.xml","Much Music HD.ca","M","89","True"
"open-epg-ca.xml","Much Music.ca","M","145","False"
"open-epg-ca.xml","Much.ca","M","73","False"
"open-epg-ca.xml","Music On Demand HD.ca","M","84","True"
"open-epg-ca.xml","Musimax Sur Demande.ca","M","15","True"
"open-epg-ca.xml","Musique Plus Sur Demande.ca","M","15","True"
"open-epg-ca.xml","NatGeo WILD Canada.ca","N","61","False"
"open-epg-ca.xml","National Geographic Canada HD.ca","N","29","True"
"open-epg-ca.xml","National Geographic Canada HD.ca","N","29","True"
"open-epg-ca.xml","National Geographic Canada.ca","N","139","False"
"open-epg-ca.xml","National Geographic Channel (Canada).ca","N","51","False"
"open-epg-ca.xml","National Geographic Wild Canada HD.ca","N","63","True"
"open-epg-ca.xml","National Geographic Wild Canada HD.ca","N","63","True"
"open-epg-ca.xml","Natyf TV HD.ca","N","67","True"
"open-epg-ca.xml","Natyf TV.ca","N","34","False"
"open-epg-ca.xml","NBA TV Canada TV HD.ca","N","100","True"
"open-epg-ca.xml","NBA TV Canada TV HD.ca","N","100","True"
"open-epg-ca.xml","NBA TV Canada.ca","N","94","True"
"open-epg-ca.xml","NBC (KING) Seattle, WA HD.ca","N","87","True"
"open-epg-ca.xml","NBC (KING) Seattle, WA.ca","N","141","True"
"open-epg-ca.xml","NBC (WDIV) Detroit, MI HD.ca","N","75","True"
"open-epg-ca.xml","NBC (WGRZ) Buffalo, NY.ca","N","76","False"
"open-epg-ca.xml","NBC (WPTZ) Plattsburg, NY HD.ca","N","61","True"
"open-epg-ca.xml","NDTV - 24x7.ca","N","22","False"
"open-epg-ca.xml","NDTV Good Times.ca","N","202","True"
"open-epg-ca.xml","New Tang Dynasty TV.ca","N","185","True"
"open-epg-ca.xml","NFL Network HD.ca","N","120","True"
"open-epg-ca.xml","NFL Network HD.ca","N","120","True"
"open-epg-ca.xml","NFL Network.ca","N","42","True"
"open-epg-ca.xml","NFL RedZone HD.ca","N","16","True"
"open-epg-ca.xml","NFL RedZone.ca","N","41","True"
"open-epg-ca.xml","NFL Sunday Ticket 1.ca","N","32","True"
"open-epg-ca.xml","NFL Sunday Ticket 10.ca","N","24","True"
"open-epg-ca.xml","NFL Sunday Ticket 11.ca","N","8","True"
"open-epg-ca.xml","NFL Sunday Ticket 12.ca","N","8","True"
"open-epg-ca.xml","NFL Sunday Ticket 13.ca","N","8","True"
"open-epg-ca.xml","NFL Sunday Ticket 14.ca","N","15","True"
"open-epg-ca.xml","NFL Sunday Ticket 2.ca","N","32","True"
"open-epg-ca.xml","NFL Sunday Ticket 3.ca","N","32","True"
"open-epg-ca.xml","NFL Sunday Ticket 4.ca","N","32","True"
"open-epg-ca.xml","NFL Sunday Ticket 5.ca","N","32","True"
"open-epg-ca.xml","NFL Sunday Ticket 6.ca","N","32","True"
"open-epg-ca.xml","NFL Sunday Ticket 7.ca","N","32","True"
"open-epg-ca.xml","NFL Sunday Ticket 8.ca","N","32","True"
"open-epg-ca.xml","NFL Sunday Ticket 9.ca","N","32","True"
"open-epg-ca.xml","NFL Sunday Ticket HD 1.ca","N","16","True"
"open-epg-ca.xml","NFL Sunday Ticket HD 10.ca","N","28","True"
"open-epg-ca.xml","NFL Sunday Ticket HD 2.ca","N","16","True"
"open-epg-ca.xml","NFL Sunday Ticket HD 3.ca","N","16","True"
"open-epg-ca.xml","NFL Sunday Ticket HD 4.ca","N","16","True"
"open-epg-ca.xml","NFL Sunday Ticket HD 5.ca","N","16","True"
"open-epg-ca.xml","NFL Sunday Ticket HD 6.ca","N","28","True"
"open-epg-ca.xml","NFL Sunday Ticket HD 7.ca","N","28","True"
"open-epg-ca.xml","NFL Sunday Ticket HD 8.ca","N","28","True"
"open-epg-ca.xml","NFL Sunday Ticket HD 9.ca","N","28","True"
"open-epg-ca.xml","NGTV (Greek).ca","N","87","False"
"open-epg-ca.xml","NHL Center Ice 1.ca","N","16","True"
"open-epg-ca.xml","NHL Center Ice 10.ca","N","32","True"
"open-epg-ca.xml","NHL Center Ice 11 HD.ca","N","9","True"
"open-epg-ca.xml","NHL Center Ice 12 HD.ca","N","41","True"
"open-epg-ca.xml","NHL Center Ice 13 HD.ca","N","16","True"
"open-epg-ca.xml","NHL Center Ice 14 HD.ca","N","16","True"
"open-epg-ca.xml","NHL Center Ice 2.ca","N","15","True"
"open-epg-ca.xml","NHL Center Ice 3.ca","N","14","True"
"open-epg-ca.xml","NHL Center Ice 4.ca","N","17","True"
"open-epg-ca.xml","NHL Center Ice 5.ca","N","15","True"
"open-epg-ca.xml","NHL Center Ice 6.ca","N","17","True"
"open-epg-ca.xml","NHL Center Ice 7.ca","N","17","True"
"open-epg-ca.xml","NHL Center Ice 8.ca","N","16","True"
"open-epg-ca.xml","NHL Center Ice 9.ca","N","17","True"
"open-epg-ca.xml","Nickelodeon Canada HD.ca","N","110","True"
"open-epg-ca.xml","Nickelodeon Canada.ca","N","100","True"
"open-epg-ca.xml","Nickelodeon Canada.ca","N","100","True"
"open-epg-ca.xml","Noovo (CFJP) Montreal, QC.ca","N","51","False"
"open-epg-ca.xml","Noovo Rivire-du-Loup SD.ca","N","49","False"
"open-epg-ca.xml","NTN24.ca","N","16","True"
"open-epg-ca.xml","NTV Bangla.ca","N","65","True"
"open-epg-ca.xml","Nueve.ca","N","16","True"
"open-epg-ca.xml","Odyssey.ca","O","54","True"
"open-epg-ca.xml","OMNI Vancouver.ca","O","178","True"
"open-epg-ca.xml","OMNI.1 (CFMT-DT-1) London.ca","O","84","False"
"open-epg-ca.xml","OMNI.1 HD.ca","O","77","True"
"open-epg-ca.xml","OMNI.1 Television.ca","O","170","True"
"open-epg-ca.xml","OMNI.2 HD.ca","O","67","True"
"open-epg-ca.xml","OMNI.2.ca","O","190","True"
"open-epg-ca.xml","One America News Network.ca","O","87","True"
"open-epg-ca.xml","ONE TV HD.ca","O","114","True"
"open-epg-ca.xml","Ontario Legislature.ca","O","106","True"
"open-epg-ca.xml","Oprah Winfrey Network Canada.ca","O","81","True"
"open-epg-ca.xml","OUTtv HD.ca","O","38","True"
"open-epg-ca.xml","OUTtv.ca","O","244","False"
"open-epg-ca.xml","OUTtv.ca","O","244","False"
"open-epg-ca.xml","Oxygen True Crime Canada HD.ca","O","15","True"
"open-epg-ca.xml","Oxygen True Crime Canada.ca","O","73","False"
"open-epg-ca.xml","Pay Per View Preview Channel.ca","P","3","False"
"open-epg-ca.xml","PBS (KCTS) Seattle, WA HD.ca","P","82","True"
"open-epg-ca.xml","PBS (KCTS) Seattle, WA.ca","P","143","True"
"open-epg-ca.xml","PBS (WETK) Colchester, VT HD.ca","P","70","True"
"open-epg-ca.xml","PBS (WNED) Buffalo, NY.ca","P","138","False"
"open-epg-ca.xml","PBS (WTVS) Detroit, MI HD.ca","P","70","True"
"open-epg-ca.xml","Peachtree TV (Canada) HD.ca","P","79","True"
"open-epg-ca.xml","Peachtree TV (Canada).ca","P","79","False"
"open-epg-ca.xml","Peachtree TV (WPCH-TV) Atlanta, GA.ca","P","35","False"
"open-epg-ca.xml","Peachtree TV.ca","P","80","False"
"open-epg-ca.xml","Phoenix InfoNews.ca","P","73","True"
"open-epg-ca.xml","Planu00e8te+ HD.ca","P","62","True"
"open-epg-ca.xml","Playboy HD.ca","P","93","True"
"open-epg-ca.xml","Playboy.ca","P","220","True"
"open-epg-ca.xml","Prise 2 HD.ca","P","113","True"
"open-epg-ca.xml","Prise 2.ca","P","123","True"
"open-epg-ca.xml","PTC Punjabi.ca","P","133","True"
"open-epg-ca.xml","QUB HD.ca","Q","83","True"
"open-epg-ca.xml","QUB HD.ca","Q","83","True"
"open-epg-ca.xml","QUB.ca","Q","25","False"
"open-epg-ca.xml","Radio.ca","R","16","True"
"open-epg-ca.xml","RAI Italia 1.ca","R","134","True"
"open-epg-ca.xml","Rai News 24.ca","R","145","True"
"open-epg-ca.xml","RBTI (Brazilian).ca","R","122","True"
"open-epg-ca.xml","RCN Nuestra Tele.ca","R","16","True"
"open-epg-ca.xml","RDI (News) HD.ca","R","110","True"
"open-epg-ca.xml","RDI (News) HD.ca","R","110","True"
"open-epg-ca.xml","RDI (News).ca","R","152","True"
"open-epg-ca.xml","RDS (Ru00e9seau des sports) HD.ca","R","108","True"
"open-epg-ca.xml","RDS (Ru00e9seau des sports) HD.ca","R","108","True"
"open-epg-ca.xml","RDS (Ru00e9seau des sports).ca","R","135","True"
"open-epg-ca.xml","RDS 2 HD.ca","R","14","True"
"open-epg-ca.xml","RDS 2.ca","R","67","False"
"open-epg-ca.xml","RDS Info HD.ca","R","87","True"
"open-epg-ca.xml","RDS Info.ca","R","189","True"
"open-epg-ca.xml","Red Hot TV.ca","R","87","True"
"open-epg-ca.xml","Reseau des sports.ca","R","78","True"
"open-epg-ca.xml","REV TV - Canada HD.ca","R","49","True"
"open-epg-ca.xml","Rogers On Demand.ca","R","3","False"
"open-epg-ca.xml","Rogers Sportsnet East.ca","R","46","True"
"open-epg-ca.xml","Rogers Sportsnet Ontario.ca","R","46","True"
"open-epg-ca.xml","Rogers Sportsnet Pacific.ca","R","46","True"
"open-epg-ca.xml","Rogers Sportsnet West.ca","R","48","True"
"open-epg-ca.xml","Rotana Aflam.ca","R","41","True"
"open-epg-ca.xml","Rotana Cinema.ca","R","84","True"
"open-epg-ca.xml","Rotana Classic.ca","R","20","False"
"open-epg-ca.xml","Rotana Clip.ca","R","61","False"
"open-epg-ca.xml","Rotana Khalijia.ca","R","15","True"
"open-epg-ca.xml","Rotana Moussica.ca","R","62","False"
"open-epg-ca.xml","RTN+ - Russian Television Network.ca","R","53","False"
"open-epg-ca.xml","RTPi America.ca","R","108","True"
"open-epg-ca.xml","RTPi and RDPi - Ru00e1dio e Televisu00e3o de Portugal.ca","R","40","False"
"open-epg-ca.xml","RTR Planeta.ca","R","29","True"
"open-epg-ca.xml","RTS Sat (RTC).ca","R","90","False"
"open-epg-ca.xml","RTVi.ca","R","103","True"
"open-epg-ca.xml","Russian Illuzion.ca","R","15","True"
"open-epg-ca.xml","Sahara One.ca","S","89","True"
"open-epg-ca.xml","Salt and Light.ca","S","201","True"
"open-epg-ca.xml","Savoir Mu00e9dia HD.ca","S","114","True"
"open-epg-ca.xml","Savoir Mu00e9dia.ca","S","225","True"
"open-epg-ca.xml","Schlager TV.ca","S","72","False"
"open-epg-ca.xml","Series + HD.ca","S","63","True"
"open-epg-ca.xml","Series +.ca","S","111","True"
"open-epg-ca.xml","Showcase Canada HD.ca","S","92","True"
"open-epg-ca.xml","Showcase Canada HD.ca","S","92","True"
"open-epg-ca.xml","Showcase Canada.ca","S","83","False"
"open-epg-ca.xml","Showcase Television (East).ca","S","31","False"
"open-epg-ca.xml","Silver Screen Classics.ca","S","122","True"
"open-epg-ca.xml","Silver Screen Classics.ca","S","122","True"
"open-epg-ca.xml","Sky News Arabia.ca","S","68","True"
"open-epg-ca.xml","Slice HD.ca","S","58","True"
"open-epg-ca.xml","Slice TV.ca","S","46","False"
"open-epg-ca.xml","Slice.ca","S","118","False"
"open-epg-ca.xml","Slice.ca","S","118","False"
"open-epg-ca.xml","Smithsonian Channel Canada HD.ca","S","112","True"
"open-epg-ca.xml","Sony Mix.ca","S","141","True"
"open-epg-ca.xml","Sportsman Channel Canada.ca","S","30","True"
"open-epg-ca.xml","Sportsnet (East) HD.ca","S","102","True"
"open-epg-ca.xml","Sportsnet (East) HD.ca","S","102","True"
"open-epg-ca.xml","Sportsnet (East).ca","S","52","True"
"open-epg-ca.xml","Sportsnet (Ontario) - Satellite/Digital HD.ca","S","52","True"
"open-epg-ca.xml","Sportsnet (Ontario) HD.ca","S","45","True"
"open-epg-ca.xml","Sportsnet (Ontario).ca","S","105","True"
"open-epg-ca.xml","Sportsnet (Pacific) - Satellite/Digital HD.ca","S","49","True"
"open-epg-ca.xml","Sportsnet (Pacific) HD.ca","S","54","True"
"open-epg-ca.xml","Sportsnet (Pacific).ca","S","107","True"
"open-epg-ca.xml","Sportsnet (West) - Satellite/Digital HD.ca","S","51","True"
"open-epg-ca.xml","Sportsnet (West) HD.ca","S","58","True"
"open-epg-ca.xml","Sportsnet (West).ca","S","70","True"
"open-epg-ca.xml","Sportsnet 360 HD.ca","S","96","True"
"open-epg-ca.xml","Sportsnet 360 HD.ca","S","96","True"
"open-epg-ca.xml","Sportsnet 360.ca","S","85","True"
"open-epg-ca.xml","Sportsnet 4K.ca","S","105","True"
"open-epg-ca.xml","Sportsnet One 4K.ca","S","62","True"
"open-epg-ca.xml","Sportsnet One HD.ca","S","105","True"
"open-epg-ca.xml","Sportsnet One HD.ca","S","105","True"
"open-epg-ca.xml","Sportsnet One.ca","S","144","True"
"open-epg-ca.xml","Sportsnet World HD.ca","S","18","True"
"open-epg-ca.xml","Sportsnet World.ca","S","103","True"
"open-epg-ca.xml","Star TV.ca","S","16","False"
"open-epg-ca.xml","STARZ1 - East HD.ca","S","53","True"
"open-epg-ca.xml","STARZ1 - East HD.ca","S","53","True"
"open-epg-ca.xml","STARZ1 - East.ca","S","68","False"
"open-epg-ca.xml","Starz1 onDemand.ca","S","35","True"
"open-epg-ca.xml","STARZ2 - East HD.ca","S","84","True"
"open-epg-ca.xml","STARZ2 - East HD.ca","S","84","True"
"open-epg-ca.xml","STARZ2 - East.ca","S","81","False"
"open-epg-ca.xml","Stingray Music Video On Demand.ca","S","15","True"
"open-epg-ca.xml","Stingray: Adult Alternative.ca","S","30","True"
"open-epg-ca.xml","Stingray: Alternative.ca","S","30","True"
"open-epg-ca.xml","Stingray: Around the World.ca","S","15","True"
"open-epg-ca.xml","Stingray: Baroque.ca","S","15","True"
"open-epg-ca.xml","Stingray: Big Band.ca","S","30","True"
"open-epg-ca.xml","Stingray: Celtic.ca","S","15","True"
"open-epg-ca.xml","Stingray: Chamber Music.ca","S","15","True"
"open-epg-ca.xml","Stingray: Chill Lounge.ca","S","30","True"
"open-epg-ca.xml","Stingray: Christian Pop and Rock.ca","S","15","True"
"open-epg-ca.xml","Stingray: Classic Masters / Grands classiques.ca","S","30","True"
"open-epg-ca.xml","Stingray: Classic Rock.ca","S","30","True"
"open-epg-ca.xml","Stingray: Country Classics.ca","S","30","True"
"open-epg-ca.xml","Stingray: Dance Clubbin.ca","S","30","True"
"open-epg-ca.xml","Stingray: Easy Listening.ca","S","30","True"
"open-epg-ca.xml","Stingray: Eclectic Electronic.ca","S","15","True"
"open-epg-ca.xml","Stingray: En Marge.ca","S","15","True"
"open-epg-ca.xml","Stingray: Everything 80s.ca","S","15","True"
"open-epg-ca.xml","Stingray: Flashback 70s.ca","S","30","True"
"open-epg-ca.xml","Stingray: Folk Roots.ca","S","15","True"
"open-epg-ca.xml","Stingray: Franco Country.ca","S","30","True"
"open-epg-ca.xml","Stingray: Franco Pop.ca","S","15","True"
"open-epg-ca.xml","Stingray: Franco Retro.ca","S","83","True"
"open-epg-ca.xml","Stingray: Hip-Hop/RandB.ca","S","30","True"
"open-epg-ca.xml","Stingray: Hit List.ca","S","30","True"
"open-epg-ca.xml","Stingray: Hot Country.ca","S","30","True"
"open-epg-ca.xml","Stingray: Jammin.ca","S","15","True"
"open-epg-ca.xml","Stingray: Jazz Masters / Gu00e9ants du Jazz.ca","S","15","True"
"open-epg-ca.xml","Stingray: Jazz Now / Jazz daujourdhui.ca","S","15","True"
"open-epg-ca.xml","Stingray: Jukebox Oldies.ca","S","30","True"
"open-epg-ca.xml","Stingray: Kids Stuff.ca","S","15","True"
"open-epg-ca.xml","Stingray: Mousses musique.ca","S","67","True"
"open-epg-ca.xml","Stingray: Nature.ca","S","30","True"
"open-epg-ca.xml","Stingray: Nostalgie.ca","S","33","True"
"open-epg-ca.xml","Stingray: Nothin But 90s.ca","S","15","True"
"open-epg-ca.xml","Stingray: Opera Plus.ca","S","15","True"
"open-epg-ca.xml","Stingray: Pop Adult.ca","S","30","True"
"open-epg-ca.xml","Stingray: Popular Classical / Classique populaire.ca","S","30","True"
"open-epg-ca.xml","Stingray: Smooth Jazz.ca","S","30","True"
"open-epg-ca.xml","Stingray: Souln RandB.ca","S","30","True"
"open-epg-ca.xml","Stingray: Souvenirs.ca","S","34","True"
"open-epg-ca.xml","Stingray: Swingin Standards.ca","S","15","True"
"open-epg-ca.xml","Stingray: The Blues.ca","S","30","True"
"open-epg-ca.xml","Stingray: The Spa.ca","S","30","True"
"open-epg-ca.xml","Stingray: u00c9xitos Tropicales.ca","S","15","True"
"open-epg-ca.xml","Sun TV Tamil.ca","S","111","True"
"open-epg-ca.xml","Super Channel Fuse HD.ca","S","145","True"
"open-epg-ca.xml","Super Channel Fuse HD.ca","S","145","True"
"open-epg-ca.xml","Super Channel Fuse.ca","S","137","True"
"open-epg-ca.xml","Super Channel Heart and Home HD.ca","S","84","True"
"open-epg-ca.xml","Super Channel Heart and Home HD.ca","S","84","True"
"open-epg-ca.xml","Super Channel Heart and Home.ca","S","75","True"
"open-epg-ca.xml","Super Channel on Demand.ca","S","66","True"
"open-epg-ca.xml","Super Channel Quest HD.ca","S","140","True"
"open-epg-ca.xml","Super Channel Quest HD.ca","S","140","True"
"open-epg-ca.xml","Super Channel Quest.ca","S","133","True"
"open-epg-ca.xml","Super Channel Vault HD.ca","S","160","True"
"open-epg-ca.xml","Super Channel Vault HD.ca","S","160","True"
"open-epg-ca.xml","Super Channel Vault.ca","S","101","True"
"open-epg-ca.xml","Super Ecran 2 HD.ca","S","34","True"
"open-epg-ca.xml","Super Ecran 2.ca","S","73","True"
"open-epg-ca.xml","Super Ecran 3 HD.ca","S","34","True"
"open-epg-ca.xml","Super Ecran 3.ca","S","95","True"
"open-epg-ca.xml","Super Ecran 4 HD.ca","S","34","True"
"open-epg-ca.xml","Super Ecran 4.ca","S","87","True"
"open-epg-ca.xml","Super Ecran HD 1.ca","S","64","True"
"open-epg-ca.xml","Super Ecran Sur Demande.ca","S","32","True"
"open-epg-ca.xml","Super Ecran.ca","S","66","True"
"open-epg-ca.xml","T+E Totally Entertaining HD.ca","T","114","True"
"open-epg-ca.xml","T+E Totally Entertaining.ca","T","181","True"
"open-epg-ca.xml","T+E Totally Entertaining.ca","T","181","True"
"open-epg-ca.xml","Talentvision.ca","T","104","True"
"open-epg-ca.xml","TamilVision.ca","T","129","True"
"open-epg-ca.xml","Tele N.ca","T","50","True"
"open-epg-ca.xml","Tele-Quebec (CIVM) Montreal.ca","T","84","True"
"open-epg-ca.xml","Tele-Quebec (CIVM).ca","T","109","True"
"open-epg-ca.xml","Telebimbi.ca","T","165","True"
"open-epg-ca.xml","Telefe International.ca","T","16","True"
"open-epg-ca.xml","Telelatino HD.ca","T","89","True"
"open-epg-ca.xml","Teleritmo.ca","T","16","True"
"open-epg-ca.xml","TELETOON2.ca","T","3","True"
"open-epg-ca.xml","TFC - The Filipino Channel.ca","T","122","True"
"open-epg-ca.xml","TFO - Chaine Francaise HD.ca","T","25","True"
"open-epg-ca.xml","TFO - Chaine Francaise.ca","T","162","True"
"open-epg-ca.xml","TFO (TV Ontario).ca","T","115","True"
"open-epg-ca.xml","The Family Channel (East).ca","T","3","True"
"open-epg-ca.xml","The Golf Channel Canada.ca","T","36","True"
"open-epg-ca.xml","The Israeli Network.ca","T","73","True"
"open-epg-ca.xml","The Learning Channel Canada.ca","T","47","False"
"open-epg-ca.xml","The News Forum.ca","T","96","True"
"open-epg-ca.xml","The NFL Network Canada).ca","T","30","True"
"open-epg-ca.xml","The Oprah Winfrey Network Canada (East).ca","T","0","True"
"open-epg-ca.xml","The Weather Channel HD.ca","T","92","True"
"open-epg-ca.xml","TLC Canada HD.ca","T","121","True"
"open-epg-ca.xml","TLC Canada HD.ca","T","121","True"
"open-epg-ca.xml","TLC Canada.ca","T","115","False"
"open-epg-ca.xml","Toon-A-Vision.ca","T","15","True"
"open-epg-ca.xml","Travelxp HD.ca","T","121","True"
"open-epg-ca.xml","Treehouse HD.ca","T","29","True"
"open-epg-ca.xml","Treehouse HD.ca","T","29","True"
"open-epg-ca.xml","Treehouse On Demand.ca","T","113","True"
"open-epg-ca.xml","Treehouse.ca","T","146","True"
"open-epg-ca.xml","TSC HD.ca","T","68","True"
"open-epg-ca.xml","TSC.ca","T","155","True"
"open-epg-ca.xml","TSC.ca","T","155","True"
"open-epg-ca.xml","TSN.ca","T","39","True"
"open-epg-ca.xml","TSN1 HD.ca","T","95","True"
"open-epg-ca.xml","TSN1 HD.ca","T","95","True"
"open-epg-ca.xml","TSN1.ca","T","91","True"
"open-epg-ca.xml","TSN2 HD.ca","T","100","True"
"open-epg-ca.xml","TSN2 HD.ca","T","100","True"
"open-epg-ca.xml","TSN2.ca","T","99","True"
"open-epg-ca.xml","TSN3 HD.ca","T","105","True"
"open-epg-ca.xml","TSN3 HD.ca","T","105","True"
"open-epg-ca.xml","TSN3.ca","T","98","True"
"open-epg-ca.xml","TSN4 HD.ca","T","95","True"
"open-epg-ca.xml","TSN4 HD.ca","T","95","True"
"open-epg-ca.xml","TSN4.ca","T","89","True"
"open-epg-ca.xml","TSN5 HD.ca","T","57","True"
"open-epg-ca.xml","TSN5 HD.ca","T","57","True"
"open-epg-ca.xml","TSN5.ca","T","99","True"
"open-epg-ca.xml","Tu00e9lu00e9mag HD.ca","T","59","True"
"open-epg-ca.xml","Tu00e9lu00e9magino HD.ca","T","20","True"
"open-epg-ca.xml","Tu00e9lu00e9magino Sur Demande.ca","T","55","True"
"open-epg-ca.xml","Tu00e9lu00e9magino.ca","T","15","True"
"open-epg-ca.xml","Tu00e9lu00e9TOON - franu00e7ais.ca","T","209","True"
"open-epg-ca.xml","Tu00e9moin HD.ca","T","146","True"
"open-epg-ca.xml","Tu00e9moin HD.ca","T","146","True"
"open-epg-ca.xml","Tu00e9moin.ca","T","57","True"
"open-epg-ca.xml","Turner Classic Movies (Canada).ca","T","29","True"
"open-epg-ca.xml","Turner Classic Movies Canada HD.ca","T","111","True"
"open-epg-ca.xml","Turner Classic Movies Canada HD.ca","T","111","True"
"open-epg-ca.xml","Turner Classic Movies Canada.ca","T","68","True"
"open-epg-ca.xml","TV Asia - Canadian Feed.ca","T","66","True"
"open-epg-ca.xml","TV Asia.ca","T","103","True"
"open-epg-ca.xml","TV Japan HD.ca","T","22","True"
"open-epg-ca.xml","TV Listings.ca","T","3","True"
"open-epg-ca.xml","TV Polonia.ca","T","57","True"
"open-epg-ca.xml","TV Rogers TV Bathurst.ca","T","46","True"
"open-epg-ca.xml","TV5 International - East.ca","T","152","True"
"open-epg-ca.xml","TV5 International HD - East.ca","T","58","True"
"open-epg-ca.xml","TV5 International HD - East.ca","T","58","True"
"open-epg-ca.xml","TV5 Quebec Canada.ca","T","67","True"
"open-epg-ca.xml","TVA (CFCM) Quu00e9bec HD.ca","T","52","True"
"open-epg-ca.xml","TVA (CFTM) Montru00e9al.ca","T","50","True"
"open-epg-ca.xml","TVA (CFTM) West Feed.ca","T","34","True"
"open-epg-ca.xml","TVA Sports 2 HD.ca","T","106","True"
"open-epg-ca.xml","TVA Sports 2.ca","T","92","True"
"open-epg-ca.xml","TVA Sports 3 HD.ca","T","48","True"
"open-epg-ca.xml","TVA Sports HD.ca","T","76","True"
"open-epg-ca.xml","TVA Sports.ca","T","99","True"
"open-epg-ca.xml","TVE Internacional.ca","T","16","True"
"open-epg-ca.xml","TVO (CICA-DT) Toronto, ON.ca","T","79","False"
"open-epg-ca.xml","TVO (TV Ontario) HD.ca","T","76","True"
"open-epg-ca.xml","TVP Info - Telewizja Polska.ca","T","58","True"
"open-epg-ca.xml","TVR Edmundston.ca","T","32","True"
"open-epg-ca.xml","Unis HD - Est.ca","U","51","True"
"open-epg-ca.xml","Unis HD - Est.ca","U","51","True"
"open-epg-ca.xml","Univision Canada.ca","U","110","False"
"open-epg-ca.xml","USA Network (CAN) HD.ca","U","132","True"
"open-epg-ca.xml","USA Network (CAN) HD.ca","U","132","True"
"open-epg-ca.xml","USA Network (CAN).ca","U","109","False"
"open-epg-ca.xml","VGNTV (Saigon Broadcasting Television Network).ca","V","70","True"
"open-epg-ca.xml","Vision TV Canada.ca","V","83","True"
"open-epg-ca.xml","Vision TV Eastern.ca","V","167","True"
"open-epg-ca.xml","W (WTN) - East HD.ca","W","65","True"
"open-epg-ca.xml","W (WTN) - East HD.ca","W","65","True"
"open-epg-ca.xml","W (WTN) - East.ca","W","120","False"
"open-epg-ca.xml","W Network (East).ca","W","28","False"
"open-epg-ca.xml","WBTS NBC Boston.ca","W","61","True"
"open-epg-ca.xml","WBZ.ca","W","61","True"
"open-epg-ca.xml","WCVB.ca","W","65","True"
"open-epg-ca.xml","Weather Network HD.ca","W","56","True"
"open-epg-ca.xml","Weather Network.ca","W","115","True"
"open-epg-ca.xml","WFN-World Fishing Network.ca","W","49","True"
"open-epg-ca.xml","WGN Canada HD.ca","W","36","True"
"open-epg-ca.xml","WGN Canada.ca","W","165","True"
"open-epg-ca.xml","Wild TV.ca","W","179","False"
"open-epg-ca.xml","Wild TV.ca","W","179","False"
"open-epg-ca.xml","WildBrain TV (SD East).ca","W","3","True"
"open-epg-ca.xml","WildBrainTV HD.ca","W","53","True"
"open-epg-ca.xml","WildBrainTV.ca","W","161","True"
"open-epg-ca.xml","WildBrainTV.ca","W","161","True"
"open-epg-ca.xml","WPIX New York (SUPERSTATION) HD.ca","W","35","True"
"open-epg-ca.xml","WPIX New York (SUPERSTATION).ca","W","154","False"
"open-epg-ca.xml","WSBK (TV-38) Boston HD.ca","W","37","True"
"open-epg-ca.xml","WSBK (TV-38) Boston.ca","W","167","True"
"open-epg-ca.xml","WSBK.ca","W","74","True"
"open-epg-ca.xml","WUTV.ca","W","78","True"
"open-epg-ca.xml","Yes TV (CITS) Burlington, ON HD.ca","Y","107","True"
"open-epg-ca.xml","Yes TV (CITS) Burlington, ON.ca","Y","186","True"
"open-epg-ca.xml","Your World This Week.ca","Y","3","True"
"open-epg-ca.xml","YTV (East).ca","Y","93","True"
"open-epg-ca.xml","YTV (Youth Television) - East HD.ca","Y","188","True"
"open-epg-ca.xml","YTV (Youth Television) - East HD.ca","Y","188","True"
"open-epg-ca.xml","YTV (Youth Television) - East.ca","Y","189","True"
"open-epg-ca.xml","YTV (Youth Television) - Pacific.ca","Y","187","True"
"open-epg-ca.xml","YTV On Demand.ca","Y","74","True"
"open-epg-ca.xml","Z HD.ca","Z","67","True"
"open-epg-ca.xml","Zee 24 Taas.ca","Z","58","True"
"open-epg-ca.xml","Zee Bangla.ca","Z","49","True"
"open-epg-ca.xml","Zee Bollywood.ca","Z","95","True"
"open-epg-ca.xml","Zee Cinema.ca","Z","162","True"
"open-epg-ca.xml","Zee Marathi.ca","Z","57","True"
"open-epg-ca.xml","Zee Punjabi.ca","Z","111","True"
"open-epg-ca.xml","Zee Salaam.ca","Z","66","True"
"open-epg-ca.xml","Zee Tamil Zee Tamizh.ca","Z","164","True"
"open-epg-ca.xml","Zee TV Canada HD.ca","Z","66","True"
"open-epg-ca.xml","Zeste HD.ca","Z","55","True"
"open-epg-ca.xml","Zeste.ca","Z","111","True"
"open-epg-ca.xml","Zing.ca","Z","119","True"
